time,close,high,low,open,volumefrom,volumeto
1421798400,0.01523,0.0175,0.01523,0.01748,0,0
1421884800,0.01602,0.0175,0.01523,0.01523,0,0
1421971200,0.016,0.017,0.016,0.01602,0,0
1422057600,0.01739,0.01739,0.015,0.016,0,0
1422144000,0.017,0.01739,0.0156,0.01739,0,0
1422230400,0.01469,0.0175,0.01469,0.017,0,0
1422316800,0.0155,0.017,0.01469,0.01469,0,0
1422403200,0.015,0.0167,0.0131,0.0155,0,0
1422489600,0.0135,0.015,0.0131,0.015,0,0
1422576000,0.015,0.015,0.0135,0.0135,1016.47,16.76
1422662400,0.01499,0.015,0.0135,0.015,1217.22,17.63
1422748800,0.01352,0.01499,0.01351,0.01499,100.73,1.43
1422835200,0.01327,0.015,0.01327,0.015,0,0
1422921600,0.0148,0.015,0.01327,0.01327,0,0
1423008000,0.014,0.0148,0.014,0.0148,0,0
1423094400,0.01573,0.01573,0.013,0.014,0,0
1423180800,0.0155,0.01695,0.014,0.01573,339.16,5.24
1423267200,0.01468,0.0155,0.01401,0.0155,216.69,3.26
1423353600,0.01428,0.01506,0.01428,0.01468,0,0
1423440000,0.0135,0.01467,0.0135,0.01428,0,0
1423526400,0.01464,0.01467,0.011,0.0135,0,0
1423612800,0.01462,0.01464,0.011,0.01464,0,0
1423699200,0.0143,0.01463,0.01101,0.01462,0,0
1423785600,0.01445,0.01472,0.01201,0.0143,0,0
1423872000,0.012,0.01508,0.012,0.01445,0,0
1423958400,0.012,0.012,0.012,0.012,0,0
1424044800,0.01508,0.01509,0.012,0.01509,0,0
1424131200,0.01301,0.01508,0.01202,0.01508,0,0
1424217600,0.01499,0.01499,0.01301,0.01301,0,0
1424304000,0.01307,0.01499,0.01307,0.01499,0,0
1424390400,0.01307,0.01498,0.01307,0.01307,0.2934,0.007334
1424476800,0.01307,0.0141,0.01307,0.01307,1.09,0.02721
1424563200,0.01307,0.01403,0.01307,0.01307,0,0
1424649600,0.01403,0.01403,0.01307,0.01307,0,0
1424736000,0.01343,0.01403,0.01307,0.01403,0,0
1424822400,0.014,0.014,0.01307,0.01343,0,0
1424908800,0.013,0.014,0.0116,0.014,40,0.09999
1424995200,0.01206,0.01398,0.0116,0.013,0,0
1425081600,0.01178,0.0132,0.0116,0.01206,0,0
1425168000,0.01101,0.01348,0.011,0.01178,0.1309,0.003272
1425254400,0.006611,0.01208,0.006611,0.01101,0,0
1425340800,0.008505,0.01205,0.006611,0.006611,56018.06,503.22
1425427200,0.012,0.012,0.008426,0.008505,367.48,3.5
1425513600,0.012,0.012,0.009331,0.012,4579.24,51.95
1425600000,0.0104,0.012,0.009231,0.012,5.18,0.057
1425686400,0.0103,0.012,0.0103,0.0104,0,0
1425772800,0.009777,0.01103,0.009763,0.0103,0,0
1425859200,0.009806,0.01098,0.009804,0.009819,0,0
1425945600,0.009536,0.01097,0.008827,0.009806,0,0
1426032000,0.0077,0.01093,0.0077,0.009536,180.18,2
1426118400,0.01082,0.01088,0.0077,0.0077,0,0
1426204800,0.01071,0.01082,0.008203,0.01082,0.1818,0.002
1426291200,0.01112,0.01197,0.01015,0.01071,11179.82,122.98
1426377600,0.0106,0.01167,0.01016,0.01112,0,0
1426464000,0.01054,0.01118,0.01016,0.0106,0,0
1426550400,0.01053,0.01118,0.01053,0.01054,1.09,0.003867
1426636800,0.01024,0.01496,0.01016,0.01053,0,0
1426723200,0.01093,0.01098,0.0079,0.01024,0,0
1426809600,0.007515,0.01093,0.0075,0.01093,0,0
1426896000,0.01011,0.01019,0.0075,0.007515,0,0
1426982400,0.01004,0.0102,0.0094,0.01011,0,0
1427068800,0.009728,0.0102,0.009728,0.01004,0,0
1427155200,0.009942,0.009949,0.009001,0.009728,0,0
1427241600,0.0092,0.009942,0.008002,0.009942,0,0
1427328000,0.0085,0.009296,0.0085,0.0092,0,0
1427414400,0.00875,0.008799,0.0085,0.0085,0,0
1427500800,0.00895,0.00895,0.00865,0.00875,0,0
1427587200,0.00835,0.00895,0.0083,0.00895,0.1768,0.002033
1427673600,0.008199,0.008497,0.008102,0.008102,0,0
1427760000,0.007738,0.0085,0.0075,0.008199,0.1306,0.0004657
1427846400,0.0079,0.007984,0.007509,0.007738,0.03453,0.000397
1427932800,0.00785,0.008499,0.007609,0.0079,0,0
1428019200,0.008925,0.009278,0.00785,0.00785,0,0
1428105600,0.009368,0.009938,0.00846,0.008925,0.3146,0.003618
1428192000,0.008839,0.00946,0.0087,0.009368,0,0
1428278400,0.008783,0.009359,0.008453,0.008839,0,0
1428364800,0.0091,0.009359,0.008716,0.008783,0,0
1428451200,0.00918,0.009371,0.008786,0.0091,4.75,0.05457
1428537600,0.009195,0.0098,0.007935,0.00918,26.04,0.2619
1428624000,0.00918,0.009199,0.008923,0.009195,0,0
1428710400,0.008,0.00918,0.008,0.00918,0,0
1428796800,0.008,0.009137,0.008,0.008,0,0
1428883200,0.008271,0.0084,0.008,0.008,0,0
1428969600,0.008271,0.008271,0.008271,0.008271,0,0
1429056000,0.008271,0.008271,0.008271,0.008271,0,0
1429142400,0.008271,0.008271,0.008271,0.008271,0,0
1429228800,0.008271,0.008271,0.008271,0.008271,0,0
1429315200,0.008271,0.008271,0.008271,0.008271,0,0
1429401600,0.008271,0.008271,0.008271,0.008271,0,0
1429488000,0.003565,0.0115,0.003565,0.0115,282.07,1.08
1429574400,0.003565,0.003565,0.003565,0.003565,0,0
1429660800,0.004,0.0114,0.003565,0.004,3003.19,10.71
1429747200,0.008274,0.008274,0.0082,0.0082,0,0
1429833600,0.00802,0.008496,0.008,0.008274,0.1737,0.001337
1429920000,0.008021,0.008191,0.00802,0.00802,0,0
1430006400,0.007781,0.008082,0.00778,0.008021,0,0
1430092800,0.008055,0.008056,0.00778,0.007781,5.68,0.04371
1430179200,0.007699,0.008055,0.007698,0.008055,0.702,0.007995
1430265600,0.007635,0.008056,0.007624,0.007699,3.83,0.03824
1430352000,0.0085,0.0085,0.007635,0.007635,2.64,0.03001
1430438400,0.008499,0.0085,0.0078,0.0085,0.6828,0.005995
1430524800,0.008441,0.0085,0.008008,0.008499,3.07,0.02518
1430611200,0.007803,0.008441,0.007803,0.008441,1.24,0.006192
1430697600,0.008165,0.0085,0.007803,0.007803,0.6175,0.002779
1430784000,0.0078,0.008493,0.0078,0.008165,1.5,0.007488
1430870400,0.00772,0.0079,0.00772,0.007795,0,0
1430956800,0.007799,0.008,0.00666,0.00772,0,0
1431043200,0.00666,0.0078,0.00666,0.007799,0,0
1431129600,0.0078,0.0078,0.00666,0.00666,0,0
1431216000,0.00666,0.0078,0.00666,0.0078,0,0
1431302400,0.00666,0.00666,0.00666,0.00666,0,0
1431388800,0.007499,0.007499,0.00666,0.007499,890.07,4.01
1431475200,0.00666,0.0075,0.00666,0.007499,0,0
1431561600,0.007478,0.007496,0.00666,0.00666,1.36,0.0108
1431648000,0.006484,0.007498,0.006481,0.007478,0,0
1431734400,0.006485,0.00719,0.006484,0.006484,538.58,6.13
1431820800,0.006481,0.006485,0.006481,0.006485,12.12,0.1373
1431907200,0.006116,0.006481,0.006116,0.006481,10.91,0.08675
1431993600,0.0046,0.007098,0.0046,0.006116,0,0
1432080000,0.005006,0.007096,0.0046,0.0046,0,0
1432166400,0.005002,0.005006,0.005002,0.005006,0,0
1432252800,0.005002,0.007096,0.005002,0.005002,0,0
1432339200,0.007096,0.0071,0.007096,0.007096,0,0
1432425600,0.005003,0.007482,0.005002,0.007096,0,0
1432512000,0.00747,0.00747,0.005002,0.005003,1.44,0.01082
1432598400,0.007238,0.007248,0.007238,0.007248,296.8,1.87
1432684800,0.01498,0.01498,0.005522,0.007238,2374.11,15.47
1432771200,0.005526,0.01498,0.005526,0.01498,0,0
1432857600,0.01412,0.01412,0.005526,0.005526,3161.49,28.15
1432944000,0.0081,0.01412,0.0081,0.01412,0,0
1433030400,0.009,0.009,0.0081,0.0081,2735.04,31.15
1433116800,0.0056,0.009,0.0056,0.009,1595.17,12.7
1433203200,0.00857,0.008576,0.0075,0.0078,1792.91,13.45
1433289600,0.005606,0.005606,0.0056,0.0056,17779.94,137.57
1433376000,0.008919,0.008919,0.008,0.0085,663.8,5.58
1433462400,0.008919,0.008919,0.005614,0.008919,164.88,1.24
1433548800,0.008919,0.008919,0.008919,0.008919,0,0
1433635200,0.008919,0.008919,0.008919,0.008919,0,0
1433721600,0.008917,0.008919,0.0056,0.008919,0,0
1433808000,0.008068,0.008916,0.005552,0.005552,0,0
1433894400,0.008068,0.008908,0.0079,0.008068,0,0
1433980800,0.008068,0.00891,0.008068,0.008068,0,0
1434067200,0.008,0.00891,0.005557,0.008068,0,0
1434153600,0.0079,0.008909,0.005561,0.008,1360.62,11.7
1434240000,0.008,0.008907,0.008,0.008,0,0
1434326400,0.0084,0.0084,0.008,0.008,4474.45,39.03
1434412800,0.01497,0.01497,0.0084,0.0084,2.79,0.02619
1434499200,0.0098,0.01497,0.0097,0.01497,218.28,2.49
1434585600,0.01497,0.01497,0.0097,0.0098,0,0
1434672000,0.01139,0.01139,0.01139,0.01139,2190.53,24.95
1434758400,0.0141,0.0145,0.0141,0.0145,0,0
1434844800,0.01,0.01497,0.01,0.0141,988.02,8.79
1434931200,0.01025,0.01025,0.01,0.01,569.76,6.29
1435017600,0.01025,0.01025,0.01,0.01025,0,0
1435104000,0.0115,0.0115,0.01025,0.01025,370.12,4.09
1435190400,0.0115,0.0115,0.0115,0.0115,2546.49,28.11
1435276800,0.0122,0.0122,0.0115,0.0115,2713.73,30.97
1435363200,0.011,0.01497,0.0105,0.0105,3727.73,42.87
1435449600,0.0118,0.0118,0.011,0.011,0,0
1435536000,0.01146,0.0118,0.01145,0.0118,0,0
1435622400,0.011,0.01168,0.0084,0.01146,0,0
1435708800,0.01135,0.01135,0.011,0.011,217.84,1.87
1435795200,0.01135,0.01135,0.008422,0.01135,0,0
1435881600,0.011,0.01497,0.0095,0.01135,0,0
1435968000,0.0109,0.01496,0.0107,0.011,0,0
1436054400,0.00885,0.0109,0.008801,0.0109,5.14,0.06413
1436140800,0.01025,0.01025,0.00885,0.00885,1175.7,10.23
1436227200,0.0092,0.01025,0.0088,0.01025,5.97,0.06232
1436313600,0.0097,0.0097,0.0092,0.0092,3946.48,44.78
1436400000,0.0084,0.0097,0.0084,0.0097,1996.46,17.37
1436486400,0.008977,0.0097,0.005561,0.0084,0,0
1436572800,0.00825,0.008977,0.00825,0.008977,0,0
1436659200,0.008251,0.008977,0.00825,0.00825,845.38,9.3
1436745600,0.0081,0.0088,0.0081,0.008251,0,0
1436832000,0.0088,0.0088,0.0079,0.0081,0,0
1436918400,0.0088,0.0088,0.0088,0.0088,0,0
1437004800,0.0079,0.0088,0.0079,0.0088,0,0
1437091200,0.0079,0.0079,0.0079,0.0079,0,0
1437177600,0.008,0.0086,0.0079,0.0079,0,0
1437264000,0.0079,0.008,0.0079,0.008,0,0
1437350400,0.008444,0.008493,0.0079,0.0079,0,0
1437436800,0.008438,0.008444,0.0071,0.008444,0,0
1437523200,0.0082,0.008438,0.0082,0.008438,0.4509,0.003404
1437609600,0.0076,0.0076,0.0076,0.0076,1.08,0.005918
1437696000,0.0075,0.0078,0.0075,0.0076,0,0
1437782400,0.0077,0.0082,0.0075,0.0075,0,0
1437868800,0.0083,0.0083,0.0076,0.0077,0,0
1437955200,0.0079,0.0086,0.0079,0.0083,0,0
1438041600,0.00875,0.0088,0.0079,0.0079,0,0
1438128000,0.00875,0.00875,0.00875,0.00875,0,0
1438214400,0.0087,0.00875,0.0087,0.00875,0,0
1438300800,0.0086,0.0086,0.00801,0.00801,0.0435,0.0003282
1438387200,0.00841,0.0086,0.00841,0.0086,0,0
1438473600,0.0085,0.0085,0.00801,0.00841,0,0
1438560000,0.0085,0.0085,0.0085,0.0085,0,0
1438646400,0.0082,0.0086,0.0082,0.0085,0,0
1438732800,0.0086,0.0086,0.0082,0.0082,1000,9.25
1438819200,0.00801,0.00801,0.00801,0.00801,0,0
1438905600,0.008013,0.008013,0.00801,0.00801,0,0
1438992000,0.009,0.0093,0.008013,0.008013,0,0
1439078400,0.0087,0.0091,0.0086,0.009,0,0
1439164800,0.00918,0.00918,0.0087,0.0087,279.9,1.54
1439251200,0.0085,0.00918,0.0085,0.00918,0,0
1439337600,0.00801,0.0085,0.00801,0.0085,0,0
1439424000,0.0085,0.0085,0.0085,0.0085,0,0
1439510400,0.00801,0.0085,0.00801,0.0085,0,0
1439596800,0.00801,0.00801,0.00801,0.00801,0,0
1439683200,0.008999,0.008999,0.00801,0.00801,0,0
1439769600,0.0085,0.008999,0.00825,0.008999,0,0
1439856000,0.00875,0.00875,0.0085,0.0085,355,2.89
1439942400,0.007778,0.00875,0.007778,0.00875,0,0
1440028800,0.00875,0.00875,0.007778,0.007778,0,0
1440115200,0.007969,0.00875,0.007778,0.00875,0,0
1440201600,0.00801,0.00875,0.007969,0.007969,0,0
1440288000,0.007,0.00801,0.007,0.00801,0,0
1440374400,0.008,0.008,0.007,0.007,0,0
1440460800,0.0067,0.008,0.0067,0.008,0,0
1440547200,0.00875,0.00875,0.0067,0.0067,0,0
1440633600,0.00875,0.00875,0.00875,0.00875,0,0
1440720000,0.005508,0.009536,0.005508,0.00815,0.03711,0.0002792
1440806400,0.00873,0.00873,0.006701,0.006701,0,0
1440892800,0.00873,0.00873,0.00873,0.00873,0,0
1440979200,0.006901,0.00873,0.0069,0.00873,0,0
1441065600,0.009536,0.009536,0.005508,0.005508,3.05,0.02909
1441152000,0.008711,0.008711,0.006901,0.006901,0,0
1441238400,0.009536,0.009536,0.009536,0.009536,0.01255,0.0001197
1441324800,0.009536,0.009536,0.009536,0.009536,0,0
1441411200,0.008,0.008711,0.007003,0.008711,2.03,0.01711
1441497600,0.00759,0.008,0.007,0.008,104.93,1
1441584000,0.007999,0.008,0.00709,0.00759,0,0
1441670400,0.008,0.008,0.007999,0.007999,0,0
1441756800,0.0085,0.0085,0.008,0.008,0,0
1441843200,0.0077,0.0085,0.0075,0.0085,8.21,0.06922
1441929600,0.0079,0.0079,0.0077,0.0077,1870.67,15.13
1442016000,0.00755,0.0079,0.00755,0.0079,2353.51,18.36
1442102400,0.00746,0.008,0.00746,0.00755,0,0
1442188800,0.00725,0.008,0.00725,0.008,0,0
1442275200,0.008,0.008,0.00725,0.00725,0,0
1442361600,0.0074,0.008,0.0074,0.008,0,0
1442448000,0.0076,0.00778,0.0074,0.0074,0,0
1442534400,0.00725,0.0077,0.00725,0.0076,0,0
1442620800,0.0077,0.0077,0.00725,0.00725,0,0
1442707200,0.0072,0.0077,0.0072,0.0077,1253.85,9.19
1442793600,0.0076,0.0077,0.0075,0.0075,786.51,4.93
1442880000,0.0072,0.0075,0.0072,0.0075,0,0
1442966400,0.007499,0.0075,0.0066,0.0072,0.05102,0.0003746
1443052800,0.0067,0.0068,0.0067,0.0068,1040,7.11
1443139200,0.0075,0.0075,0.0066,0.0067,0,0
1443225600,0.006596,0.00661,0.006596,0.00661,325.53,1.91
1443312000,0.005566,0.005566,0.005566,0.005566,0,0
1443398400,0.005901,0.00725,0.005816,0.00725,0,0
1443484800,0.005526,0.006498,0.005526,0.0059,880.79,5.02
1443571200,0.005526,0.005526,0.005526,0.005526,0,0
1443657600,0.00525,0.0055,0.00525,0.0055,0,0
1443744000,0.0058,0.006491,0.0058,0.006491,0,0
1443830400,0.00525,0.006392,0.00525,0.0058,0,0
1443916800,0.005005,0.0051,0.005005,0.0051,0,0
1444003200,0.0059,0.0059,0.00444,0.005005,0,0
1444089600,0.005798,0.0059,0.0057,0.0059,92.81,0.5059
1444176000,0.0055,0.0058,0.0055,0.00559,2977.19,15
1444262400,0.0051,0.0055,0.0051,0.0055,0,0
1444348800,0.0055,0.00825,0.005,0.0051,1900.25,9.53
1444435200,0.00825,0.00825,0.005044,0.005044,1.2,0.006031
1444521600,0.005251,0.007,0.00525,0.00525,0,0
1444608000,0.0055,0.0065,0.00524,0.005251,0.4487,0.002262
1444694400,0.0054,0.0056,0.0054,0.0055,2163.02,12.56
1444780800,0.005006,0.005598,0.005006,0.0054,0,0
1444867200,0.005051,0.00522,0.005006,0.005006,9.45,0.04887
1444953600,0.005412,0.005412,0.005412,0.005412,229.44,1.19
1445040000,0.005051,0.0056,0.005051,0.005412,1862.54,9.71
1445126400,0.005027,0.005055,0.005027,0.00505,74.41,0.3824
1445212800,0.005081,0.005527,0.005027,0.005027,266.38,1.38
1445299200,0.0048,0.005081,0.00453,0.005081,89.68,0.416
1445385600,0.0046,0.0048,0.0046,0.0048,906.78,4.27
1445472000,0.004492,0.0055,0.004492,0.0046,833.34,3.81
1445558400,0.0046,0.004646,0.0045,0.0045,0,0
1445644800,0.0046,0.0055,0.0046,0.0046,0,0
1445731200,0.004492,0.0051,0.004492,0.0046,109,0.5217
1445817600,0.0051,0.0051,0.004492,0.004492,197.43,0.9258
1445904000,0.004794,0.0051,0.004444,0.0051,0.1769,0.0008362
1445990400,0.004445,0.004794,0.004445,0.004794,2833.92,15.7
1446076800,0.004003,0.0055,0.004003,0.004445,25060.76,115.18
1446163200,0.005249,0.00525,0.004626,0.004626,42836.23,196.08
1446249600,0.005033,0.005249,0.005033,0.005249,1135.9,5.36
1446336000,0.005033,0.005033,0.005033,0.005033,0,0
1446422400,0.0045,0.004905,0.0045,0.00475,3057.62,15.9
1446508800,0.0051,0.00525,0.00505,0.00505,9893.64,50.71
1446595200,0.0045,0.005527,0.0044,0.0048,41424.94,194.28
1446681600,0.0041,0.0055,0.0041,0.0045,12486.55,54.6
1446768000,0.004415,0.004578,0.004204,0.004278,7275.86,32.31
1446854400,0.00445,0.00445,0.004,0.004,6062.17,28.31
1446940800,0.004,0.0045,0.004,0.00445,473.11,2.16
1447027200,0.004,0.0047,0.004,0.0047,0,0
1447113600,0.00435,0.00435,0.00435,0.00435,7977.09,36.02
1447200000,0.0047,0.0047,0.004,0.004,6068.56,26.5
1447286400,0.005,0.005,0.0047,0.0047,4780.98,21.6
1447372800,0.00434,0.004469,0.00429,0.00436,4087.58,18.13
1447459200,0.0048,0.0048,0.0048,0.0048,5608.77,24.25
1447545600,0.004172,0.004498,0.004139,0.004315,16282.8,70.95
1447632000,0.004308,0.00432,0.004134,0.004172,6328.99,26.85
1447718400,0.0044,0.0044,0.0044,0.0044,8344.88,35.03
1447804800,0.0041,0.004397,0.0041,0.0043,378.45,1.63
1447891200,0.004399,0.004399,0.004,0.0041,0,0
1447977600,0.00439,0.004391,0.00439,0.004391,0,0
1448064000,0.004058,0.004273,0.004058,0.004267,539.14,2.32
1448150400,0.004327,0.004327,0.004298,0.004298,340.08,1.47
1448236800,0.004397,0.004397,0.004238,0.00425,2376.67,10.29
1448323200,0.004206,0.004397,0.004201,0.004397,0,0
1448409600,0.0042,0.004366,0.0042,0.004366,2.23,0.009349
1448496000,0.004066,0.00437,0.004066,0.0042,9310.34,39.05
1448582400,0.004,0.004078,0.004,0.004073,2,0.00844
1448668800,0.004,0.004,0.004,0.004,5715.43,24.05
1448755200,0.004,0.004,0.004,0.004,0,0
1448841600,0.004,0.004395,0.004,0.004,15726.1,65.92
1448928000,0.00402,0.004104,0.0039,0.0039,20928.33,87.63
1449014400,0.00415,0.00415,0.0038,0.00402,800,3.24
1449100800,0.0041,0.00425,0.004,0.00415,8840.13,38.26
1449187200,0.004799,0.004799,0.004101,0.004101,34398.11,154.82
1449273600,0.00425,0.004799,0.00425,0.004799,8465.43,44.75
1449360000,0.00475,0.004799,0.00425,0.00425,26439.07,134.8
1449446400,0.0045,0.004951,0.0045,0.00475,1079.39,5.92
1449532800,0.00624,0.00624,0.0045,0.0045,14416.69,107.58
1449619200,0.00735,0.00825,0.005831,0.00624,29760.21,252.67
1449705600,0.006498,0.009998,0.0045,0.00735,29214.57,248.03
1449792000,0.006,0.007,0.006,0.006498,70055.11,572.04
1449878400,0.006131,0.006997,0.006088,0.006997,9137.55,78.05
1449964800,0.0059,0.006556,0.0059,0.006131,167.43,1.46
1450051200,0.0058,0.006997,0.0058,0.0059,63227.79,513.01
1450137600,0.00475,0.0061,0.00475,0.0058,505066.3,3348.1
1450224000,0.006,0.006,0.00425,0.00425,115800.05,718.3
1450310400,0.0056,0.0058,0.0056,0.0058,1556.55,10.45
1450396800,0.0054,0.00559,0.0049,0.00559,5739.11,36.91
1450483200,0.0055,0.0055,0.0055,0.0055,3.26,0.02025
1450569600,0.0049,0.005,0.0049,0.005,14285.71,88
1450656000,0.005108,0.005108,0.0048,0.005,10630.66,63.53
1450742400,0.0056,0.0056,0.004716,0.005108,718.98,4.38
1450828800,0.0056,0.0056,0.005041,0.005194,10000,58.8
1450915200,0.00475,0.0056,0.00475,0.0056,0,0
1451001600,0.006694,0.006694,0.00588,0.00588,1730.59,10.83
1451088000,0.0058,0.0058,0.005,0.0057,5000,32
1451174400,0.0051,0.0051,0.0051,0.0051,0,0
1451260800,0.0049,0.0051,0.0049,0.0051,1743.87,10.98
1451347200,0.005255,0.0054,0.00501,0.0052,6,0.03668
1451433600,0.00535,0.00535,0.005162,0.005255,9640.06,59.02
1451520000,0.005205,0.00535,0.0051,0.00535,200,1.2
1451606400,0.0055,0.0055,0.005132,0.005205,0,0
1451692800,0.005125,0.005132,0.005,0.005132,500,3.06
1451779200,0.0052,0.0054,0.005,0.005125,24.01,0.1477
1451865600,0.0051,0.00535,0.0051,0.0052,0,0
1451952000,0.005,0.0054,0.005,0.0051,0,0
1452038400,0.005,0.0055,0.005,0.005,2146.76,13.1
1452124800,0.005,0.00564,0.005,0.005,13736.8,82
1452211200,0.005,0.0056,0.005,0.005,11732.81,69.06
1452297600,0.004,0.0055,0.004,0.005,15.03,0.09224
1452384000,0.0054,0.0054,0.0054,0.0054,0,0
1452470400,0.00401,0.0054,0.00401,0.0054,44.43,0.2533
1452556800,0.005053,0.005053,0.00401,0.00401,0,0
1452643200,0.00505,0.00505,0.00505,0.00505,200,1.14
1452729600,0.00479,0.00505,0.00401,0.00505,865.61,4.82
1452816000,0.00505,0.00505,0.00479,0.00479,23969.9,127.5
1452902400,0.004892,0.005134,0.004653,0.005134,3095.7,15.17
1452988800,0.004917,0.004917,0.004889,0.004892,644.99,3.16
1453075200,0.00511,0.005425,0.004917,0.004917,110.78,0.5991
1453161600,0.005245,0.00528,0.00511,0.00511,961.59,5.06
1453248000,0.005433,0.005433,0.005245,0.005245,16998.67,89.16
1453334400,0.005241,0.005616,0.005241,0.005433,4003.86,22.29
1453420800,0.005231,0.005241,0.00499,0.005241,2808.94,14.61
1453507200,0.00512,0.005233,0.00512,0.005231,13448.99,69.14
1453593600,0.005122,0.005197,0.00499,0.00512,6947.04,35.58
1453680000,0.0051,0.005122,0.0051,0.005122,15249.12,78.1
1453766400,0.005653,0.005653,0.005,0.0051,27468.66,148.66
1453852800,0.006511,0.006952,0.005653,0.005653,147089.45,939.14
1453939200,0.005795,0.006847,0.005766,0.006511,669.33,3.89
1454025600,0.00692,0.00785,0.005795,0.005795,5033.24,33.37
1454112000,0.00633,0.00785,0.006205,0.00692,20518.35,156.65
1454198400,0.006154,0.0066,0.005784,0.00633,18271.24,106.16
1454284800,0.006697,0.006697,0.0053,0.006154,5830.56,37.26
1454371200,0.006989,0.006989,0.006472,0.006697,287.57,2.01
1454457600,0.006623,0.006989,0.006623,0.006989,255.02,1.76
1454544000,0.006633,0.006967,0.006582,0.006623,52.58,0.357
1454630400,0.0079,0.0079,0.006586,0.006633,788.37,5.43
1454716800,0.008,0.008,0.0079,0.0079,6979.98,55.64
1454803200,0.007644,0.009086,0.007644,0.008,27910.12,239.26
1454889600,0.008122,0.008122,0.008122,0.008122,82614.61,671
1454976000,0.007361,0.1,0.007361,0.008122,23420.35,202.1
1455062400,0.007388,0.008191,0.007361,0.007361,603978,4539.86
1455148800,0.008191,0.008191,0.007359,0.007388,161863.68,1215.72
1455235200,0.00794,0.008204,0.006386,0.008191,115058.72,897.74
1455321600,0.00844,0.00845,0.00766,0.00794,61537.79,508.82
1455408000,0.00821,0.008991,0.008202,0.00844,145822.63,1231.21
1455494400,0.00835,0.0088,0.00821,0.00821,46128.55,385.56
1455580800,0.00811,0.00875,0.00811,0.00835,65433.19,541.05
1455667200,0.007456,0.008635,0.007327,0.00811,374365.15,2800.59
1455753600,0.00844,0.00844,0.007421,0.007456,391387.61,3163.15
1455840000,0.008479,0.008482,0.00773,0.00844,14311.7,121
1455926400,0.007896,0.008479,0.007896,0.008479,841.39,6.71
1456012800,0.008312,0.0084,0.007896,0.007896,59464.96,473.3
1456099200,0.00831,0.008312,0.00765,0.008312,12514.7,103.99
1456185600,0.00815,0.00831,0.00815,0.00831,1002.85,8.17
1456272000,0.00785,0.00815,0.00785,0.00815,3803.18,30.26
1456358400,0.008234,0.008234,0.007549,0.00785,17138.58,133.39
1456444800,0.008225,0.008234,0.00798,0.008234,25587.86,207.25
1456531200,0.0078,0.008225,0.0078,0.008225,13205.02,103.27
1456617600,0.008155,0.008155,0.007515,0.0078,100.47,0.8144
1456704000,0.0081,0.008155,0.007601,0.008155,62315.92,500.01
1456790400,0.008278,0.00828,0.0078,0.0081,172648.38,1360.69
1456876800,0.008094,0.008278,0.007827,0.008278,18796.34,147.94
1456963200,0.007902,0.00822,0.00782,0.008094,351011.93,2772.82
1457049600,0.007938,0.008457,0.0079,0.007902,79253.54,642.03
1457136000,0.007342,0.008446,0.007342,0.007938,38571.48,299.61
1457222400,0.00755,0.008085,0.007162,0.007342,389958.06,2878.8
1457308800,0.007672,0.007943,0.00755,0.00755,198773.96,1527.94
1457395200,0.0078,0.007959,0.007645,0.007672,34483.8,267.89
1457481600,0.0081,0.008479,0.007654,0.0078,27050.31,217.98
1457568000,0.008201,0.008633,0.007997,0.0081,59133.43,481.79
1457654400,0.009218,0.009694,0.008201,0.008201,25815.34,221.01
1457740800,0.00814,0.009218,0.0081,0.009218,78227.15,654.2
1457827200,0.008182,0.008891,0.008103,0.00814,615.6,5.15
1457913600,0.0083,0.008871,0.0081,0.008182,19305.68,158.25
1458000000,0.00787,0.008375,0.007201,0.0083,458272.08,3777.89
1458086400,0.008193,0.008355,0.00787,0.00787,20854.28,164.92
1458172800,0.0081,0.008419,0.0079,0.008193,42786.74,346.88
1458259200,0.008282,0.008416,0.0079,0.0081,1230.28,10
1458345600,0.00782,0.008282,0.00782,0.008282,17379.99,136.97
1458432000,0.00778,0.008128,0.00778,0.00782,138882,1097.36
1458518400,0.00792,0.008128,0.00778,0.00778,308662.1,2503.24
1458604800,0.007915,0.00813,0.007905,0.00792,77868.96,618.58
1458691200,0.008381,0.008511,0.007915,0.007915,22394.1,183.68
1458777600,0.008421,0.008445,0.008065,0.008381,8550.39,70.07
1458864000,0.008212,0.008421,0.008,0.008421,4804.86,39
1458950400,0.008128,0.008212,0.008004,0.008212,1260.68,10.16
1459036800,0.007863,0.008128,0.007863,0.008128,80985.28,641
1459123200,0.007329,0.008122,0.00715,0.007863,240873.82,1852.1
1459209600,0.0075,0.007851,0.0072,0.007329,41444.51,316.84
1459296000,0.007105,0.007849,0.006901,0.0075,80261.87,590.58
1459382400,0.007395,0.007579,0.007359,0.007359,60498.13,457.13
1459468800,0.0075,0.0075,0.007071,0.007311,3935.98,29.3
1459555200,0.00757,0.00757,0.007222,0.0075,295851.7,2138.83
1459641600,0.007478,0.007595,0.00735,0.00757,134032.46,1014.28
1459728000,0.0074,0.007595,0.0074,0.007478,24150.42,180.35
1459814400,0.007301,0.007474,0.0073,0.0074,29197.8,216.09
1459900800,0.007304,0.007397,0.007153,0.007301,34956.85,255.13
1459987200,0.006828,0.007304,0.00671,0.007304,92917.7,655.59
1460073600,0.006541,0.00687,0.006541,0.006828,1450.49,9.64
1460160000,0.006222,0.00686,0.006,0.006541,87864.47,597.38
1460246400,0.0061,0.006249,0.00568,0.006222,66691.75,402.03
1460332800,0.00623,0.006493,0.005856,0.0061,10164.61,63.07
1460419200,0.005995,0.006366,0.005701,0.00623,280731.68,1774.75
1460505600,0.005943,0.005995,0.00557,0.005995,6525.93,38.57
1460592000,0.006367,0.006367,0.005573,0.005943,27460.89,168.52
1460678400,0.006544,0.006544,0.006089,0.006367,2470.65,15.81
1460764800,0.006549,0.006549,0.0065,0.006544,4636.34,30.28
1460851200,0.006635,0.006635,0.006184,0.006549,11836.6,76.49
1460937600,0.006711,0.007195,0.00644,0.006635,22210.48,150.36
1461024000,0.007038,0.007213,0.006711,0.006711,11495.86,81.8
1461110400,0.006951,0.007562,0.006869,0.007038,127110.27,915.26
1461196800,0.0073,0.00776,0.006951,0.006951,9859.13,74.71
1461283200,0.007357,0.007489,0.006932,0.0073,4393.5,32.21
1461369600,0.007357,0.007473,0.007357,0.007357,4576.21,33.67
1461456000,0.007225,0.007469,0.007037,0.007357,4545.01,32.88
1461542400,0.007274,0.007428,0.007196,0.007225,10905.55,79.49
1461628800,0.00693,0.007274,0.00693,0.007274,2258.68,16.03
1461715200,0.006614,0.006998,0.006614,0.00693,26265.05,179.98
1461801600,0.006735,0.006735,0.006424,0.006614,10120,65.05
1461888000,0.006858,0.006858,0.006683,0.006735,710.8,4.81
1461974400,0.006881,0.006881,0.00658,0.006858,49.89,0.3419
1462060800,0.006583,0.006881,0.006582,0.006881,9.18,0.0631
1462147200,0.006686,0.00672,0.00647,0.006583,225974.63,1487.11
1462233600,0.006455,0.006687,0.006455,0.006686,731.25,4.76
1462320000,0.006262,0.006587,0.006161,0.006455,164656.91,1031.99
1462406400,0.006116,0.006262,0.006105,0.006262,76413.65,478.42
1462492800,0.006302,0.00653,0.006116,0.006116,173459.59,1086.29
1462579200,0.006344,0.00653,0.006302,0.006302,3585.59,23.06
1462665600,0.006303,0.006524,0.006303,0.006344,2664.22,17.28
1462752000,0.0064,0.006406,0.006303,0.006303,2240.94,14.34
1462838400,0.006295,0.0064,0.00621,0.0064,2949.36,18.65
1462924800,0.006089,0.006295,0.006089,0.006295,9862.44,61.32
1463011200,0.006125,0.006231,0.006036,0.006089,59503.81,365.27
1463097600,0.006101,0.006198,0.006,0.006125,744418.81,4579.44
1463184000,0.006049,0.006049,0.00571,0.00591,25267.82,146.34
1463270400,0.006091,0.006091,0.005821,0.006049,3427.88,20.49
1463356800,0.006091,0.006091,0.006091,0.006091,1736.4,10.58
1463443200,0.005991,0.006099,0.0058,0.006091,11622.11,69.55
1463529600,0.005764,0.006088,0.005764,0.005991,25244.32,145.69
1463616000,0.006185,0.006188,0.005764,0.005764,709610.38,4279.17
1463702400,0.006095,0.006186,0.005749,0.006185,158730.49,957.84
1463788800,0.00595,0.006095,0.005724,0.006095,1766.94,10.18
1463875200,0.00594,0.00595,0.0057,0.00595,230571.61,1369.6
1463961600,0.005751,0.00595,0.005676,0.00594,58456.73,340.3
1464048000,0.0058,0.00594,0.005751,0.005751,18684.09,108.41
1464134400,0.00555,0.005896,0.00555,0.0058,48688.16,280.06
1464220800,0.0057,0.0057,0.00543,0.00555,319415.07,1747.14
1464307200,0.00549,0.0058,0.00549,0.0057,12967.85,73.59
1464393600,0.004853,0.005595,0.004853,0.00549,89334.88,471.67
1464480000,0.005613,0.006198,0.00485,0.004853,90323,518.33
1464566400,0.005799,0.005799,0.005406,0.005613,954300.31,5305.55
1464652800,0.00557,0.005799,0.00557,0.005799,275136.88,1547.56
1464739200,0.00579,0.00579,0.0055,0.00557,32979.4,186.67
1464825600,0.005774,0.005818,0.00562,0.00579,135625.66,783.09
1464912000,0.005849,0.005858,0.00565,0.005774,69194.79,397.41
1464998400,0.005895,0.00594,0.0057,0.005849,89568.85,527.42
1465084800,0.005799,0.005895,0.005513,0.005895,116727.01,677.88
1465171200,0.005898,0.0059,0.0056,0.005799,124816.04,715.61
1465257600,0.00578,0.005898,0.0056,0.005898,1855980.18,10572.96
1465344000,0.005738,0.0058,0.005575,0.00578,1112044.13,6226.16
1465430400,0.005672,0.005789,0.005671,0.005738,7256.25,41.27
1465516800,0.00569,0.005728,0.005614,0.005672,51661.48,292.83
1465603200,0.00569,0.005779,0.00569,0.005739,14837.73,85.03
1465689600,0.005599,0.005779,0.005426,0.00569,997524.8,5600.12
1465776000,0.005814,0.005814,0.005467,0.005599,1490772.32,8198.88
1465862400,0.0073,0.02,0.00557,0.005814,9078523.59,65383.74
1465948800,0.0066,0.008,0.0065,0.0073,864577.54,6084.51
1466035200,0.006587,0.006942,0.006303,0.0066,1972201.36,12821.47
1466121600,0.006649,0.007,0.00625,0.006587,4446516.73,29851.53
1466208000,0.006507,0.006845,0.00622,0.006649,724101.69,4653.86
1466294400,0.007238,0.0083,0.006351,0.006507,794090.05,5775.16
1466380800,0.00649,0.007238,0.0064,0.007238,1227857.86,8271.71
1466467200,0.005804,0.006587,0.005803,0.00649,742173.4,4592.99
1466553600,0.0068,0.009991,0.005781,0.005804,10318742.42,68853.99
1466640000,0.006295,0.007137,0.006092,0.0068,5558246.77,35969.85
1466726400,0.00665,0.006724,0.006249,0.006295,2456637.88,15946.6
1466812800,0.006479,0.00665,0.006314,0.00665,125279.42,806.96
1466899200,0.0065,0.00658,0.0063,0.006479,1596863.8,10363.94
1466985600,0.0063,0.00665,0.0063,0.0065,987434.4,6282.34
1467072000,0.007246,0.0075,0.006263,0.0063,2146583.55,14705.72
1467158400,0.006957,0.007246,0.00638,0.007246,405214.93,2738.99
1467244800,0.0066,0.006957,0.0065,0.006957,2274815.94,15156.28
1467331200,0.00678,0.0072,0.006506,0.0066,1758161.6,11815.04
1467417600,0.00661,0.007142,0.006484,0.00678,168600.25,1128.67
1467504000,0.006789,0.00704,0.00655,0.00661,77754.07,512.36
1467590400,0.006554,0.00692,0.00611,0.006789,1250415.84,8171.14
1467676800,0.006432,0.006818,0.006432,0.006554,909461.86,6083.3
1467763200,0.00652,0.006765,0.00632,0.006432,827106.17,5389.19
1467849600,0.00661,0.00661,0.00612,0.00652,968903.78,6199.01
1467936000,0.006706,0.006706,0.006204,0.00661,283095.59,1824.94
1468022400,0.006549,0.006706,0.006162,0.006706,128290.79,838.24
1468108800,0.00644,0.006576,0.006251,0.006549,994709.33,6509.47
1468195200,0.00624,0.006551,0.00624,0.00644,8478.77,53
1468281600,0.006496,0.00655,0.0062,0.00624,1045406.33,6540.34
1468368000,0.0065,0.0065,0.00625,0.006496,10944.36,69.49
1468454400,0.006458,0.0065,0.006312,0.0065,33852.53,217.54
1468540800,0.006531,0.006538,0.006356,0.006458,371928.97,2418.93
1468627200,0.006707,0.006825,0.006506,0.006531,427357.33,2833.97
1468713600,0.006732,0.006881,0.006479,0.006707,255143.71,1686.53
1468800000,0.0065,0.006734,0.0065,0.006732,15732.85,103.55
1468886400,0.006443,0.006606,0.006419,0.0065,1118531.24,7355.52
1468972800,0.0064,0.006539,0.006277,0.006443,352741.01,2249.35
1469059200,0.006492,0.006492,0.0064,0.0064,377794.02,2426.87
1469145600,0.006242,0.006528,0.00622,0.006492,377796.46,2406.47
1469232000,0.0064,0.006419,0.0062,0.006242,12434.97,78.22
1469318400,0.006286,0.0065,0.0061,0.0064,450271.86,2819.67
1469404800,0.006243,0.0063,0.006055,0.006286,90136.67,560.36
1469491200,0.005795,0.0065,0.005751,0.006243,609227.7,3657.61
1469577600,0.005952,0.006111,0.005776,0.005795,189151.04,1125.48
1469664000,0.006008,0.00615,0.005801,0.005952,552955.44,3315.54
1469750400,0.0062,0.0062,0.0058,0.006008,216005.9,1319.76
1469836800,0.0062,0.0062,0.005913,0.0062,14505.38,89.89
1469923200,0.006,0.0062,0.0058,0.0062,66567.57,397.53
1470009600,0.005742,0.006,0.005742,0.006,150633.97,879.88
1470096000,0.005695,0.00595,0.0048,0.005742,878958.71,4667.49
1470182400,0.00562,0.00585,0.005092,0.005695,415721.11,2274.52
1470268800,0.006117,0.00645,0.005318,0.00562,661300.29,3852.91
1470355200,0.0059,0.006117,0.00575,0.006117,46457.66,274.82
1470441600,0.0063,0.006881,0.0059,0.0059,1493902.67,9693.61
1470528000,0.0062,0.006503,0.00605,0.0063,441771.85,2777.39
1470614400,0.006,0.006405,0.006,0.0062,555264.3,3366.01
1470700800,0.00625,0.006561,0.00593,0.006,746700.66,4576.39
1470787200,0.00624,0.0065,0.00614,0.00625,1102404.28,6986.23
1470873600,0.006106,0.0063,0.0061,0.00624,72680.78,453
1470960000,0.00605,0.0063,0.00604,0.006106,92305.14,564.25
1471046400,0.00618,0.006226,0.006,0.00605,126967.67,763.13
1471132800,0.005944,0.00624,0.005,0.00618,249752.67,1477.39
1471219200,0.0062,0.0062,0.005852,0.005944,274141.83,1654.91
1471305600,0.00615,0.006328,0.005806,0.0062,983452.96,6097.2
1471392000,0.0061,0.006211,0.005948,0.00615,156792.65,945.72
1471478400,0.005907,0.00615,0.005906,0.0061,173836.97,1066.6
1471564800,0.006065,0.006438,0.005907,0.005907,200794.89,1270.41
1471651200,0.006204,0.006237,0.00605,0.006065,4307.34,26.28
1471737600,0.00604,0.006204,0.005907,0.006204,228873.74,1363.6
1471824000,0.005652,0.006126,0.005619,0.00604,566272.89,3319.66
1471910400,0.00575,0.006126,0.005652,0.005652,66176.8,401.16
1471996800,0.006149,0.006172,0.00575,0.00575,181864.58,1104.81
1472083200,0.0062,0.00625,0.00595,0.006149,60184.27,365.52
1472169600,0.005908,0.0062,0.0059,0.0062,18335.36,109.05
1472256000,0.0059,0.00609,0.0059,0.005908,598109.73,3583.33
1472342400,0.006057,0.00617,0.00585,0.0059,657654.23,3932.77
1472428800,0.0065,0.0065,0.00585,0.006057,496764.81,3077.02
1472515200,0.006,0.0067,0.0059,0.0065,102846.11,621.43
1472601600,0.006,0.0061,0.005895,0.006,542662.63,3229.38
1472688000,0.005948,0.00603,0.005901,0.006,599738.3,3553.66
1472774400,0.006023,0.00605,0.005901,0.005948,201223.43,1211.7
1472860800,0.00603,0.006242,0.00585,0.006023,989901.56,5881.26
1472947200,0.005947,0.006158,0.00585,0.00603,1482334.19,9030.3
1473033600,0.005926,0.006083,0.00585,0.005947,358320.54,2136.64
1473120000,0.005965,0.006051,0.005867,0.005926,392369.41,2317.28
1473206400,0.005883,0.005991,0.005855,0.005965,229857.13,1354
1473292800,0.00594,0.0061,0.005855,0.005883,225545.36,1345.13
1473379200,0.00603,0.00603,0.00585,0.00594,259026.98,1549.42
1473465600,0.005917,0.00603,0.005853,0.00603,153016.45,908.84
1473552000,0.005825,0.00599,0.00581,0.005917,105680.06,625.26
1473638400,0.005899,0.0061,0.005794,0.005825,160187.02,955.91
1473724800,0.005917,0.006035,0.005825,0.005899,93542.12,557.5
1473811200,0.006058,0.006479,0.00591,0.005917,344698.36,2160.74
1473897600,0.0091,0.0115,0.006058,0.006058,7993836.4,70952.82
1473984000,0.0072,0.00913,0.006765,0.0091,2921971.08,22523.57
1474070400,0.007078,0.007466,0.00695,0.0072,1018493.87,7214.84
1474156800,0.006999,0.007078,0.006731,0.007078,559945.83,3842.33
1474243200,0.006958,0.007465,0.006743,0.006999,68057.63,491.33
1474329600,0.006825,0.006958,0.0067,0.006958,929235.97,6326.46
1474416000,0.006805,0.00715,0.006643,0.006825,882218.97,6086.04
1474502400,0.006848,0.007058,0.00676,0.006805,133435.66,915.08
1474588800,0.0074,0.00745,0.006736,0.006848,1209620.91,8425.68
1474675200,0.0075,0.0075,0.007219,0.0074,328106.46,2413.35
1474761600,0.008166,0.008176,0.0072,0.0075,681084.78,5332.68
1474848000,0.0077,0.0089,0.007688,0.008166,1071252.59,9106.9
1474934400,0.008405,0.008543,0.007646,0.0077,631668.87,5204.98
1475020800,0.008668,0.009255,0.008196,0.008405,1118454.02,9763.1
1475107200,0.009097,0.00936,0.008668,0.008668,1502703.35,13521.93
1475193600,0.0086,0.009496,0.008559,0.009097,1975866.6,17458.33
1475280000,0.007982,0.008855,0.00788,0.0086,1133591.18,9370.65
1475366400,0.00795,0.008401,0.00795,0.007982,243482.16,1970.95
1475452800,0.008169,0.0084,0.00795,0.00795,514051.01,4208.55
1475539200,0.0078,0.008177,0.0078,0.008169,307515.92,2449.12
1475625600,0.007256,0.008011,0.007256,0.0078,681840.32,5121.41
1475712000,0.007496,0.007649,0.007088,0.007256,372690.21,2777.36
1475798400,0.007366,0.0078,0.00725,0.007496,299522.16,2201.32
1475884800,0.007446,0.007449,0.007149,0.007366,108399.85,796.36
1475971200,0.00745,0.0078,0.007327,0.007446,646392.19,4979.12
1476057600,0.008064,0.009,0.00745,0.00745,771138.86,6261.96
1476144000,0.007814,0.00859,0.007641,0.008064,528454.34,4315.43
1476230400,0.007921,0.008234,0.007686,0.007814,1034475.18,8175.16
1476316800,0.007981,0.007981,0.007635,0.007921,79462.57,621.15
1476403200,0.00812,0.00832,0.007836,0.007981,558014.61,4501.91
1476489600,0.007999,0.0084,0.007999,0.00812,416436.08,3344.65
1476576000,0.00803,0.008176,0.007956,0.007999,884776.07,7077.68
1476662400,0.00808,0.008326,0.007899,0.00803,1406787.3,11562.78
1476748800,0.0084,0.008438,0.008,0.00808,166003.71,1377.26
1476835200,0.008571,0.008785,0.00835,0.0084,378472.31,3233.17
1476921600,0.0092,0.00935,0.008571,0.008571,1515358.75,13773.02
1477008000,0.009098,0.0093,0.008662,0.0092,445618.22,4015.78
1477094400,0.00888,0.009098,0.008765,0.009098,293038.92,2609.78
1477180800,0.008903,0.00915,0.008788,0.00888,217890.06,1935.91
1477267200,0.00886,0.00949,0.00886,0.008903,355609.42,3204.66
1477353600,0.008902,0.009211,0.0088,0.00886,76501.37,689.12
1477440000,0.008774,0.008994,0.00865,0.008902,33510.32,298.69
1477526400,0.00829,0.008778,0.008063,0.008774,1314380.38,11015.37
1477612800,0.0078,0.0085,0.007711,0.00829,1266332.42,10004.15
1477699200,0.007732,0.00809,0.00725,0.0078,1203503.43,9211.93
1477785600,0.008023,0.008436,0.00759,0.007732,2244789.62,17730.43
1477872000,0.007979,0.008415,0.007905,0.008023,542249.79,4428.33
1477958400,0.008028,0.0084,0.007836,0.007979,665353.96,5379.56
1478044800,0.008225,0.008361,0.007906,0.008028,209761.33,1711.04
1478131200,0.008145,0.008436,0.008,0.008225,810563.63,6660.81
1478217600,0.0082,0.008288,0.00808,0.008145,64183.01,528.31
1478304000,0.00821,0.008316,0.008147,0.0082,146885.78,1217.6
1478390400,0.00807,0.00835,0.00807,0.00821,126515.8,1041.62
1478476800,0.00826,0.0083,0.008011,0.00807,111499.17,904.27
1478563200,0.008263,0.008482,0.00802,0.00826,320968.33,2668.49
1478649600,0.008179,0.008354,0.00775,0.008263,728568.37,5923.29
1478736000,0.008153,0.008267,0.008048,0.008179,186136.06,1505.79
1478822400,0.008021,0.008193,0.007868,0.008153,85204.87,684.6
1478908800,0.008109,0.008267,0.00798,0.008021,244100.84,1980.63
1478995200,0.008028,0.008148,0.007901,0.008109,127570.9,1023.91
1479081600,0.008079,0.00815,0.00792,0.008028,273438.96,2173.34
1479168000,0.00771,0.008013,0.00771,0.0079,507206.64,3977.5
1479254400,0.0077,0.008151,0.0076,0.00771,895287.44,7088.98
1479340800,0.007809,0.0079,0.007601,0.0077,456477.85,3586.73
1479427200,0.0078,0.007809,0.0076,0.007809,20279.11,156.43
1479513600,0.007689,0.0078,0.0076,0.0078,289046.65,2232.41
1479600000,0.00765,0.007689,0.0073,0.007689,691291.32,5151.64
1479686400,0.0074,0.007656,0.0074,0.00765,201192.83,1522.92
1479772800,0.007378,0.00757,0.007201,0.0074,676105.44,4972.79
1479859200,0.007045,0.0074,0.006857,0.007378,647349.83,4562.63
1479945600,0.00687,0.007137,0.00675,0.007045,948071.92,6511.45
1480032000,0.006819,0.006971,0.00677,0.00687,279943.68,1923.85
1480118400,0.006971,0.006971,0.00675,0.006819,5581.43,38.1
1480204800,0.006845,0.00704,0.00678,0.006971,147812.4,1024.71
1480291200,0.006761,0.00704,0.006761,0.006845,101977.14,694.89
1480377600,0.00672,0.00687,0.00672,0.006761,171740.14,1158.49
1480464000,0.006795,0.00686,0.006507,0.00672,155272.2,1034.16
1480550400,0.006604,0.00704,0.006542,0.006795,285323.94,1910.4
1480636800,0.006558,0.006704,0.006439,0.006604,1000731.92,6559.35
1480723200,0.006656,0.006689,0.006529,0.006558,351076.48,2292.36
1480809600,0.006423,0.006656,0.006423,0.006656,233801.12,1522.09
1480896000,0.006304,0.006566,0.006304,0.006423,69996.56,445.04
1480982400,0.0067,0.0067,0.006304,0.006304,320968.8,2042.15
1481068800,0.007,0.0071,0.006447,0.0067,333125.37,2272.3
1481155200,0.006996,0.00729,0.006813,0.007,231276.34,1644.1
1481241600,0.006931,0.007243,0.0068,0.006996,93717.2,650.64
1481328000,0.006742,0.006945,0.00666,0.006931,167352.95,1143.87
1481414400,0.006766,0.006791,0.0066,0.006742,107004.34,716.45
1481500800,0.0067,0.006815,0.0067,0.006766,46050.36,311.88
1481587200,0.006689,0.006823,0.006562,0.0067,479973.53,3235.87
1481673600,0.006788,0.006828,0.00656,0.006689,32910.54,179.33
1481760000,0.006634,0.006788,0.006538,0.006788,178798.37,1187.07
1481846400,0.006694,0.006853,0.006495,0.006634,245643.16,1634.62
1481932800,0.00649,0.006694,0.006454,0.006694,407654.24,2633.39
1482019200,0.0065,0.006658,0.006454,0.00649,129833.63,857.08
1482105600,0.00645,0.006623,0.00645,0.0065,165792.05,1047.97
1482192000,0.006538,0.006615,0.00638,0.00645,279858.73,1816.86
1482278400,0.006559,0.006582,0.00627,0.006538,655982.49,4219.33
1482364800,0.006376,0.006559,0.0061,0.006559,959872.74,6247.9
1482451200,0.006086,0.006547,0.005962,0.006376,659001.71,4081.57
1482537600,0.006438,0.006455,0.00603,0.006086,354702.74,2218.84
1482624000,0.00631,0.00655,0.00631,0.006438,590800.21,3772.84
1482710400,0.00625,0.00662,0.006138,0.00631,387534.53,2468.57
1482796800,0.006135,0.006438,0.00605,0.00625,652681.8,4030.7
1482883200,0.006243,0.0063,0.006096,0.006135,365215.15,2259.72
1482969600,0.006474,0.006863,0.006165,0.006243,669088.75,4332.57
1483056000,0.006415,0.006595,0.006336,0.006474,358872.34,2319.48
1483142400,0.006511,0.006742,0.006206,0.006415,363962.31,2355.34
1483228800,0.006346,0.006597,0.006259,0.006511,259802.37,1655.85
1483315200,0.006312,0.006418,0.006207,0.006346,703770.93,4453.34
1483401600,0.006411,0.006569,0.00622,0.006312,1934062.31,12585.46
1483488000,0.00641,0.00684,0.006374,0.006411,1013614.7,6665.66
1483574400,0.006276,0.006889,0.00565,0.00641,9863067.97,59727.49
1483660800,0.006222,0.006497,0.005995,0.006276,3345599.98,20860.28
1483747200,0.006363,0.006457,0.00605,0.006222,1068684.28,6726.51
1483833600,0.006251,0.006457,0.00624,0.006363,920871.28,5847.39
1483920000,0.006176,0.006339,0.006124,0.006251,726753.3,4510.74
1484006400,0.006815,0.007138,0.006176,0.006176,4728396.95,31358.26
1484092800,0.006543,0.0069,0.00625,0.006815,5184826.19,33867.39
1484179200,0.006359,0.007088,0.0063,0.006543,3663035.39,24204.51
1484265600,0.006669,0.006707,0.0063,0.006359,1228990.27,8006.85
1484352000,0.006795,0.007,0.006588,0.006669,1130884.03,7658.65
1484438400,0.00681,0.006907,0.0067,0.006795,677164.8,4602.19
1484524800,0.00678,0.00689,0.0067,0.00681,487950.2,3314.38
1484611200,0.00683,0.0071,0.00668,0.0071,7055646.31,47642.84
1484697600,0.0068,0.00719,0.00664,0.00683,8926227.83,60798.58
1484784000,0.00684,0.00688,0.0065,0.0068,4152715.35,27957.66
1484870400,0.0066,0.00685,0.0064,0.00684,4070055.68,27108.96
1484956800,0.00684,0.00684,0.00652,0.0066,3463385.94,23175.65
1485043200,0.00678,0.00683,0.00669,0.00684,1005841.26,6785.09
1485129600,0.00669,0.00682,0.00659,0.00678,1976028.32,13230.12
1485216000,0.0065,0.00674,0.0065,0.00669,1881219.63,12365.68
1485302400,0.00649,0.0065,0.00643,0.0065,2069452.21,13407.6
1485388800,0.0063,0.00676,0.00616,0.00649,6167286.46,39434.22
1485475200,0.00636,0.0065,0.003,0.0063,2112346.42,12870.39
1485561600,0.00639,0.0064,0.0063,0.00636,920997.84,5885.19
1485648000,0.00631,0.00637,0.00631,0.00639,730113.03,4637.15
1485734400,0.00645,0.0065,0.00635,0.00631,1002300.09,6416.39
1485820800,0.00641,0.0065,0.00618,0.00645,3947215.82,25168.5
1485907200,0.00649,0.0066,0.00623,0.00641,6106734.11,39527.67
1485993600,0.0064,0.00661,0.0064,0.00649,3006188.1,19550.61
1486080000,0.00638,0.00649,0.00624,0.0064,2956119.84,18767.89
1486166400,0.00644,0.00647,0.00635,0.00638,1055990.94,6751.86
1486252800,0.00629,0.00648,0.00628,0.00644,1799499.78,11460.37
1486339200,0.00638,0.00644,0.00627,0.00629,879677.64,5592.76
1486425600,0.00641,0.00647,0.00626,0.00638,2971836.96,18963.71
1486512000,0.00635,0.00648,0.00608,0.00641,5767607.56,36811.3
1486598400,0.00628,0.00643,0.00609,0.00635,7508089.58,46646.09
1486684800,0.00631,0.00635,0.00595,0.00628,5929101.81,36954.47
1486771200,0.00638,0.0064,0.00627,0.00631,1436163.54,9104.42
1486857600,0.00627,0.0064,0.00627,0.00638,648462.27,4108.22
1486944000,0.00624,0.00635,0.0062,0.00627,5039140.71,31421.01
1487030400,0.00622,0.00638,0.00621,0.00624,4681330.33,29378.69
1487116800,0.0061,0.00627,0.0058,0.00622,15179845.4,92550.51
1487203200,0.00593,0.00636,0.005,0.0061,34573708.54,209957.43
1487289600,0.00587,0.00611,0.00546,0.00593,21687182.56,127444.57
1487376000,0.00554,0.006,0.005,0.00587,18671627.63,102216.26
1487462400,0.00591,0.00591,0.00551,0.00554,3765738.09,21941.43
1487548800,0.00596,0.00597,0.00566,0.00591,3708460.24,21766.29
1487635200,0.00585,0.00596,0.00571,0.00596,2742698.9,15946.88
1487721600,0.00583,0.00595,0.00581,0.00585,3006738.29,17676.67
1487808000,0.00585,0.00594,0.00574,0.00583,5240067.18,30767.38
1487894400,0.0056,0.00595,0.0055,0.00585,3370647.67,19202.76
1487980800,0.00563,0.00583,0.0056,0.0056,1283787.99,7353.08
1488067200,0.0057,0.0057,0.00562,0.00563,359509.29,2028.45
1488153600,0.00556,0.0057,0.00556,0.0057,2211118.14,12433.65
1488240000,0.00557,0.0057,0.00531,0.00556,10240541.43,56591.66
1488326400,0.00539,0.00558,0.00525,0.00557,10221707.3,55724.98
1488412800,0.00606,0.00635,0.00531,0.00539,39639109.31,234732.01
1488499200,0.00649,0.00651,0.00592,0.00606,19137206.82,119360.01
1488585600,0.0062,0.00668,0.0062,0.00649,9182576.24,58721.31
1488672000,0.00604,0.0063,0.00601,0.0062,4953008.28,30462.96
1488758400,0.00604,0.00618,0.00599,0.00604,2852352.16,17385.43
1488844800,0.00673,0.00687,0.00589,0.00604,23054660.33,147098.05
1488931200,0.0065,0.00692,0.00644,0.00673,27937954.97,186329.28
1489017600,0.00648,0.0066,0.00632,0.0065,20212785.06,130276.25
1489104000,0.00617,0.00669,0.0058,0.00648,36461968.12,224003.23
1489190400,0.00625,0.00642,0.00606,0.00617,12924322.19,80072.99
1489276800,0.00632,0.00634,0.00602,0.00625,8439534.82,52308.05
1489363200,0.00644,0.00648,0.00615,0.00632,22836606.96,143784.43
1489449600,0.00639,0.00644,0.00626,0.00644,8752809.7,55377.75
1489536000,0.00625,0.00642,0.00625,0.00639,11103165.1,69986.05
1489622400,0.0063,0.00636,0.00601,0.00625,48728508.8,300429.47
1489708800,0.00597,0.00634,0.00576,0.0063,38076244.86,229922.36
1489795200,0.00688,0.00731,0.00597,0.00597,83739506.36,559283.06
1489881600,0.00669,0.0072,0.00642,0.00688,29312252.81,198486.61
1489968000,0.0069,0.00705,0.00645,0.00669,27290382.8,186091.03
1490054400,0.00682,0.00705,0.00663,0.0069,23215169.62,158497.1
1490140800,0.00719,0.00758,0.00679,0.00682,36092531.98,259081.34
1490227200,0.011,0.011,0.00719,0.00719,100132816.02,876003.44
1490313600,0.01062,0.01182,0.00815,0.011,152896223.15,1558480.67
1490400000,0.00888,0.01084,0.00879,0.01062,67234005.62,650956.8
1490486400,0.00937,0.00982,0.00888,0.00888,24653766.54,230824.07
1490572800,0.00943,0.01025,0.009,0.00937,42149727.56,403512.31
1490659200,0.00955,0.00965,0.00906,0.00943,25363669.6,237326.87
1490745600,0.01015,0.01015,0.00946,0.00955,22498975.43,219621.23
1490832000,0.01383,0.0147,0.01015,0.01015,104840490.88,1279895.34
1490918400,0.0214,0.02254,0.01315,0.01383,248273926.03,4698750.76
1491004800,0.022,0.02323,0.01968,0.0214,86881532.22,1888519.15
1491091200,0.0615,0.0695,0.0075,0.022,443133877.23,19084433.49
1491177600,0.03201,0.062,0.025,0.0615,292830252,12220082.14
1491264000,0.03787,0.0429,0.0269,0.03201,159379438.17,5650470.81
1491350400,0.03559,0.04108,0.035,0.03787,105013348.76,3942401.73
1491436800,0.0332,0.03728,0.029,0.03559,110945937.52,3642037
1491523200,0.03715,0.03873,0.03086,0.0332,102118633.32,3568261.44
1491609600,0.03575,0.0378,0.03515,0.03715,58141930.06,2051120.05
1491696000,0.03421,0.03578,0.03251,0.03575,32765410.76,1123333.76
1491782400,0.03404,0.0359,0.0332,0.03421,28362464.41,987619.79
1491868800,0.03316,0.03513,0.032,0.03404,29820884.98,1009841.89
1491955200,0.03455,0.0356,0.0322,0.03316,41022755.03,1410149.96
1492041600,0.03422,0.03562,0.0337,0.03455,41253647.78,1439327.13
1492128000,0.03348,0.03525,0.033,0.03422,23633835.57,814998.38
1492214400,0.03381,0.03451,0.03315,0.03348,15502586.44,534015.83
1492300800,0.03306,0.03395,0.03251,0.03381,13395325.17,454902.39
1492387200,0.03333,0.03386,0.03246,0.03306,19192079.69,659060.65
1492473600,0.03281,0.03419,0.0322,0.03333,26069857.39,894803.51
1492560000,0.03035,0.03319,0.02816,0.03281,35030665.83,1139723.37
1492646400,0.02999,0.03104,0.02643,0.03035,64206329.18,1917181.87
1492732800,0.03355,0.0347,0.02945,0.02999,82638334.29,2793812.52
1492819200,0.0316,0.03401,0.03033,0.03355,27758838.68,939203.45
1492905600,0.03141,0.03214,0.03102,0.0316,21204340.28,722171.43
1492992000,0.03151,0.032,0.0309,0.03141,16871413.16,561755.88
1493078400,0.03224,0.03421,0.03108,0.03151,38797010.16,1348850.11
1493164800,0.03275,0.03392,0.03224,0.03224,34441871.68,1203110.64
1493251200,0.03523,0.0368,0.03225,0.03275,45280235.83,1621980.78
1493337600,0.045,0.04612,0.03487,0.03523,120537934.75,5228921.43
1493424000,0.05383,0.05952,0.04499,0.045,124585751.84,6837573.87
1493510400,0.05218,0.05499,0.04902,0.05383,51990180.5,2863538.63
1493596800,0.05383,0.05811,0.04903,0.05218,77803041.37,4400757.51
1493683200,0.05382,0.05527,0.0505,0.05383,38673147.83,2181169.51
1493769600,0.06108,0.06199,0.05245,0.05382,63348707.19,3774438.71
1493856000,0.08,0.08793,0.06,0.06108,177349558.15,13341509.99
1493942400,0.09139,0.105,0.07776,0.08,168241122.32,16003075.16
1494028800,0.1001,0.1039,0.09029,0.09139,76319259.52,7643760.23
1494115200,0.1391,0.155,0.09725,0.1001,141560171.43,18031415.59
1494201600,0.1917,0.224,0.1121,0.1391,196517552.96,37136489.61
1494288000,0.1564,0.207,0.112,0.1917,93831869.88,15247250.05
1494374400,0.187,0.1979,0.151,0.1564,57112346.62,10410824.18
1494460800,0.1837,0.1973,0.1618,0.187,47809247.56,8658236.56
1494547200,0.2069,0.21,0.1806,0.1837,48149201.05,9551271.9
1494633600,0.2102,0.222,0.1951,0.2069,35707884.68,7550384.47
1494720000,0.2171,0.22,0.2076,0.2102,17259980.55,3761429.2
1494806400,0.2631,0.2631,0.2156,0.2171,55292919.61,13507979.08
1494892800,0.325,0.3347,0.25,0.2631,95310891.4,29148812.54
1494979200,0.375,0.3989,0.285,0.325,112506900.1,42005499.07
1495065600,0.3575,0.3925,0.304,0.375,56879038.45,20067804.63
1495152000,0.3224,0.3594,0.2817,0.3575,58127536.18,19250494.2
1495238400,0.3449,0.359,0.289,0.3224,55875200.71,18702933.84
1495324800,0.324,0.36,0.319,0.3449,31294214.44,10681141.34
1495411200,0.2988,0.3308,0.2348,0.324,66178319.15,19685837.01
1495497600,0.3229,0.3542,0.2827,0.2988,41180583.67,13244183.85
1495584000,0.29,0.34,0.286,0.3229,49652846.45,15365254.24
1495670400,0.24,0.3027,0.231,0.29,77640588.87,20208070.63
1495756800,0.276,0.3282,0.24,0.24,69359469.41,19654368.93
1495843200,0.21,0.287,0.135,0.276,142982758.12,28093426.39
1495929600,0.2281,0.2489,0.2033,0.21,55287846.06,11990463.42
1496016000,0.2324,0.2462,0.2102,0.2281,47022259.61,10585430.11
1496102400,0.2042,0.2388,0.1868,0.2324,40779818.03,8841687.19
1496188800,0.2475,0.251,0.1931,0.2042,51676689.21,11365542
1496275200,0.3364,0.34,0.2456,0.2475,124130165.67,36224800.07
1496361600,0.2959,0.3372,0.2759,0.3364,49615504.65,14682655.98
1496448000,0.2921,0.307,0.2711,0.2959,26174288.34,7343416.42
1496534400,0.2941,0.31,0.271,0.2921,14936400.01,4301001.2
1496620800,0.2888,0.2979,0.2869,0.2941,12305756.13,3537444.36
1496707200,0.284,0.295,0.274,0.2888,41415473.4,11631815.38
1496793600,0.2762,0.3,0.2717,0.284,45347019.83,12841935.83
1496880000,0.2869,0.2973,0.27,0.2762,24468373.19,6947528.66
1496966400,0.2814,0.296,0.28,0.2869,19735787.39,5686608.83
1497052800,0.2598,0.2848,0.2555,0.2814,34208675.2,9130607.59
1497139200,0.2701,0.28,0.2543,0.2598,21434528.02,5691147.16
1497225600,0.2467,0.282,0.2325,0.2701,56601709.1,14044119.87
1497312000,0.2626,0.275,0.2454,0.2467,23963493.68,6073130.84
1497398400,0.2623,0.3,0.245,0.2626,55854511.68,15105056.57
1497484800,0.245,0.2642,0.214,0.2623,50497842.08,11786932.87
1497571200,0.2506,0.257,0.2325,0.245,19461669.73,4736284.88
1497657600,0.2597,0.265,0.2357,0.2506,28881453.28,7225216.03
1497744000,0.2651,0.278,0.247,0.2597,32932524.23,8604390.18
1497830400,0.281,0.282,0.2588,0.2651,20883914.01,5576730.22
1497916800,0.308,0.325,0.2742,0.281,77740855.21,23633172.29
1498003200,0.2726,0.3126,0.2542,0.308,48481619.89,13552632.34
1498089600,0.2779,0.2816,0.2513,0.2726,46961504.42,12535773.68
1498176000,0.2916,0.295,0.2767,0.2779,23592415.64,6728587.17
1498262400,0.2775,0.3039,0.2564,0.2916,74568116.74,20595203.34
1498348800,0.2577,0.2816,0.2485,0.2775,25109869.26,6609432.57
1498435200,0.2461,0.2672,0.2184,0.2577,57631504.55,13774522.03
1498521600,0.2618,0.2618,0.2261,0.2461,41434786.21,9886565.6
1498608000,0.2686,0.2687,0.2487,0.2618,27680751.7,7124296.3
1498694400,0.2561,0.2693,0.2513,0.2686,21949030.52,5613510.15
1498780800,0.2466,0.2596,0.245,0.2561,17416009.02,4386458.77
1498867200,0.2386,0.2518,0.2337,0.2466,17667630.13,4226316.92
1498953600,0.2537,0.2547,0.233,0.2386,13951206.81,3370660.17
1499040000,0.2523,0.2567,0.2445,0.2537,19637126.59,4894775.1
1499126400,0.2473,0.2581,0.2471,0.2523,17995464.05,4552741.55
1499212800,0.252,0.2563,0.2434,0.2473,15408028.83,3825545.68
1499299200,0.2506,0.2528,0.2482,0.252,9830561.25,2448037.8
1499385600,0.2303,0.2516,0.2298,0.2506,22491360.69,5350475.95
1499472000,0.23,0.2321,0.2112,0.2303,38293159.89,8530812.41
1499558400,0.2261,0.2422,0.2259,0.23,14408224.35,3367302.06
1499644800,0.1883,0.2269,0.1707,0.2261,50351764.39,10202148.7
1499731200,0.1778,0.1994,0.1511,0.1883,95617861.07,16492185.1
1499817600,0.1958,0.1971,0.1656,0.1778,46478718.04,8495998.8
1499904000,0.1925,0.2178,0.181,0.1958,39493127.35,7799127.5
1499990400,0.1843,0.1925,0.1717,0.1925,27613040.56,4975616.14
1500076800,0.172,0.1848,0.1707,0.1843,29075769.11,5111050.32
1500163200,0.1461,0.1743,0.1275,0.172,113360772.24,16453626.67
1500249600,0.1723,0.1732,0.1451,0.1461,72614215.27,11566967.48
1500336000,0.1788,0.189,0.1605,0.1723,63603822.64,11136863.67
1500422400,0.163,0.1838,0.1574,0.1788,49720953.56,8558816.89
1500508800,0.1925,0.1962,0.162,0.163,71996154.88,13017266.17
1500595200,0.1835,0.1936,0.1828,0.1925,41424689,7761281.91
1500681600,0.1977,0.2022,0.182,0.1835,44305182.09,8561872.92
1500768000,0.1966,0.2065,0.1873,0.1977,53835587.61,10605349
1500854400,0.1915,0.1984,0.1893,0.1966,23034425.11,4456025.55
1500940800,0.1744,0.1926,0.1658,0.1915,56073100.49,9890837.19
1501027200,0.1723,0.1787,0.1642,0.1744,35121934.71,5998446.97
1501113600,0.1725,0.1756,0.17,0.1723,20972837.57,3627058.25
1501200000,0.1633,0.1738,0.1591,0.1725,32436364.22,5383494.72
1501286400,0.169,0.1704,0.155,0.1633,26290298.75,4233058.32
1501372800,0.1633,0.1709,0.1609,0.169,12870297.62,2120755.56
1501459200,0.1648,0.1689,0.1585,0.1633,24381559.9,3987083.8
1501545600,0.1776,0.1847,0.162,0.1648,72685890.85,12410580.58
1501632000,0.1709,0.1794,0.1676,0.1776,35415418.61,6160970.33
1501718400,0.1748,0.1771,0.1696,0.1709,18496226.7,3208349.93
1501804800,0.1744,0.1767,0.1717,0.1748,21111957.48,3673325.81
1501891200,0.1848,0.1928,0.1719,0.1744,61313332.68,11198088.38
1501977600,0.1802,0.1896,0.1786,0.1848,29473931.65,5419936.45
1502064000,0.1782,0.1828,0.1766,0.1802,31302418.27,5622922.2
1502150400,0.1967,0.1972,0.1772,0.1782,72727683.74,13600183.4
1502236800,0.1841,0.1967,0.1818,0.1967,42018490.26,7855535.32
1502323200,0.1809,0.185,0.1784,0.1841,33717852.12,6147587.33
1502409600,0.1778,0.184,0.1758,0.1809,39330485.5,7048463.78
1502496000,0.1716,0.1825,0.1707,0.1778,40425329.23,7092830.7
1502582400,0.1657,0.1721,0.1587,0.1716,62425261.57,10320750.4
1502668800,0.1683,0.1801,0.1652,0.1657,37651857.4,6437674
1502755200,0.1577,0.1683,0.153,0.1683,65517223.58,10458430.79
1502841600,0.1603,0.1606,0.1489,0.1577,53984030.59,8335191.44
1502928000,0.1578,0.161,0.154,0.1603,39553784.86,6246548.69
1503014400,0.1569,0.1704,0.1518,0.1578,66863175.71,10675897.43
1503100800,0.1526,0.1616,0.1483,0.1569,46139187.71,7065430.14
1503187200,0.1587,0.1611,0.1494,0.1526,33037084.26,5164770.3
1503273600,0.1958,0.2081,0.1523,0.1587,151816465.53,26693972.97
1503360000,0.2421,0.2598,0.1715,0.1958,293308497.27,63274812.45
1503446400,0.2457,0.2977,0.2169,0.2421,339559503.13,91004423.43
1503532800,0.2173,0.2862,0.2124,0.2457,244132769.82,60293466.95
1503619200,0.2167,0.2309,0.2029,0.2173,123298451.02,26684921.15
1503705600,0.2097,0.2308,0.2069,0.2167,58371047.8,12656357.57
1503792000,0.2017,0.2104,0.193,0.2097,68631260.23,13797221.46
1503878400,0.2252,0.242,0.1947,0.2017,181035575.73,39451333.16
1503964800,0.2199,0.2262,0.2125,0.2252,79956256.52,17593049.34
1504051200,0.2319,0.2332,0.2175,0.2199,58581293.07,13197215.61
1504137600,0.2593,0.2648,0.2275,0.2319,102175501.34,24967187.01
1504224000,0.2529,0.2604,0.2444,0.2593,92327995.74,23395578.4
1504310400,0.2252,0.2538,0.2185,0.2529,114845793.39,26604564.86
1504396800,0.2303,0.2381,0.2168,0.2252,71530426.56,16286560.59
1504483200,0.2045,0.2306,0.1901,0.2303,110265036.76,22534210.61
1504569600,0.2168,0.2204,0.1917,0.2045,74188654.46,15405037.13
1504656000,0.2314,0.2329,0.2162,0.2168,62406427.74,14069400.24
1504742400,0.2271,0.2318,0.2216,0.2314,42476785.71,9618400.75
1504828800,0.2122,0.2295,0.2026,0.2271,80226065.9,17117912.82
1504915200,0.213,0.2145,0.2075,0.2122,26343729.76,5570562.79
1505001600,0.2173,0.2243,0.1993,0.213,54938704.57,11568283.12
1505088000,0.2143,0.2216,0.2087,0.2173,42706983.98,9218343.73
1505174400,0.2095,0.2242,0.206,0.2143,52561473.75,11284359.18
1505260800,0.1983,0.2099,0.1904,0.2095,55982675.49,11129429.41
1505347200,0.1711,0.2007,0.1663,0.1983,109965869.52,19799145.62
1505433600,0.1846,0.1917,0.1483,0.1711,151333101.08,26276485.78
1505520000,0.1828,0.1918,0.1741,0.1846,55026386.52,10110436.47
1505606400,0.1814,0.1846,0.1717,0.1828,32692715.19,5842469.29
1505692800,0.1933,0.1946,0.1814,0.1814,62949186.8,11939758.36
1505779200,0.1848,0.1945,0.1831,0.1933,40508429.02,7580781.96
1505865600,0.1817,0.1886,0.1808,0.1848,27751085.68,5124528.77
1505952000,0.171,0.1831,0.1703,0.1817,41362146.7,7328786.34
1506038400,0.1728,0.177,0.1675,0.171,27140948.06,4650917.37
1506124800,0.1791,0.1803,0.1701,0.1728,37391190.29,6619856.13
1506211200,0.1757,0.1799,0.1733,0.1791,15374805.27,2703736.22
1506297600,0.1846,0.1869,0.1748,0.1757,33753363.68,6120293.54
1506384000,0.1892,0.194,0.1809,0.1846,50442495.52,9505462.35
1506470400,0.2099,0.2146,0.1874,0.1892,99140351.37,20430598.88
1506556800,0.2023,0.2102,0.1968,0.2099,67358317.3,13665339.91
1506643200,0.1967,0.2025,0.188,0.2023,54184836.61,10597662.73
1506729600,0.1999,0.2051,0.1955,0.1967,49435827.82,9927019.87
1506816000,0.2083,0.2085,0.1965,0.1999,24422387.67,4883081.39
1506902400,0.2031,0.2092,0.2001,0.2083,35885216.48,7328241.94
1506988800,0.2033,0.2062,0.198,0.2031,29005479.02,5839906.03
1507075200,0.2135,0.217,0.2012,0.2033,67470421.52,14142819.29
1507161600,0.238,0.2442,0.2134,0.2135,158237559.05,36202349.02
1507248000,0.2334,0.2444,0.2332,0.238,94205681.26,22431251.55
1507334400,0.2397,0.2411,0.2324,0.2334,41917758.86,9872421.5
1507420800,0.2799,0.2811,0.2385,0.2397,148095758.24,38550634.49
1507507200,0.2501,0.2802,0.234,0.2799,193728695.41,50199290.42
1507593600,0.2582,0.2666,0.2406,0.2501,101124546.01,25680589.44
1507680000,0.2632,0.2656,0.2553,0.2582,57462883.66,14969602.81
1507766400,0.2464,0.2652,0.2461,0.2632,108852662.71,27832182.82
1507852800,0.2602,0.2651,0.233,0.2464,161979990.12,40101635.08
1507939200,0.2556,0.2685,0.2542,0.2602,118535906.96,30854310.07
1508025600,0.2652,0.2691,0.2482,0.2556,80657865.37,20965294.87
1508112000,0.2579,0.2977,0.2523,0.2652,257302479.65,70795786.78
1508198400,0.2295,0.2654,0.214,0.2579,205001981.95,49254939.22
1508284800,0.217,0.2344,0.2016,0.2295,160949343.77,34877987.83
1508371200,0.2139,0.232,0.2064,0.217,132484676.56,28646038.24
1508457600,0.2082,0.2234,0.2056,0.2141,93321866.42,19864451.41
1508544000,0.2097,0.2107,0.1971,0.2081,72829202.57,14731305.39
1508630400,0.2014,0.2114,0.1954,0.2097,65158096.72,13202451.55
1508716800,0.1917,0.202,0.1845,0.2015,72657922.35,13886013.24
1508803200,0.2038,0.2169,0.183,0.1917,144678217.42,29407955.56
1508889600,0.2023,0.2047,0.1961,0.2038,64768022.21,12952868.83
1508976000,0.2019,0.2046,0.1999,0.2023,24890547.05,5034908.89
1509062400,0.2001,0.2027,0.198,0.2019,16756105.46,3356076.05
1509148800,0.1982,0.2008,0.1974,0.2001,13367326.6,2660885.76
1509235200,0.2015,0.2053,0.1966,0.1981,27095264.56,5441321.33
1509321600,0.2024,0.2044,0.2001,0.2015,21614281.66,4373000.14
1509408000,0.1975,0.2034,0.1975,0.2024,27043667.25,5437568.73
1509494400,0.1903,0.2006,0.1896,0.1975,47448613.26,9269250.28
1509580800,0.2003,0.2065,0.1755,0.191,103212717.82,19532362.03
1509667200,0.2059,0.2263,0.1961,0.2003,147015576.65,30726742.27
1509753600,0.2015,0.2061,0.2001,0.2059,30140417.31,6104463.98
1509840000,0.1997,0.2033,0.1984,0.2014,26944763.85,5405398.96
1509926400,0.2013,0.2067,0.1981,0.1997,43252538.69,8747823.33
1510012800,0.2055,0.2065,0.1993,0.2013,39602621.81,8001067.76
1510099200,0.2167,0.2235,0.2031,0.2055,100569675.08,21290259.15
1510185600,0.2154,0.2218,0.2126,0.2167,79735606.88,17384153.32
1510272000,0.2033,0.2185,0.1988,0.2154,94828370.41,19761606.63
1510358400,0.2092,0.2147,0.2016,0.2033,76561311.72,15862481.91
1510444800,0.1915,0.2094,0.1861,0.2092,212638415.64,41553234.57
1510531200,0.2001,0.2001,0.1906,0.1915,82216620.66,16156188.48
1510617600,0.205,0.2103,0.1995,0.2001,59546806.84,12145669.26
1510704000,0.2083,0.2101,0.2037,0.205,60047732.63,12422123.14
1510790400,0.2269,0.2809,0.2058,0.2083,391424404.27,93968360.41
1510876800,0.2239,0.2376,0.2174,0.227,138204506.25,31261061.68
1510963200,0.2275,0.2293,0.2191,0.2239,69817134.52,15637626.61
1511049600,0.2321,0.237,0.2231,0.2275,88098310.06,20275409.23
1511136000,0.2406,0.2462,0.2315,0.2322,105382518.94,25292860.72
1511222400,0.2318,0.2444,0.2292,0.2409,105169636.84,24827598.13
1511308800,0.2385,0.2417,0.2317,0.2321,88143638.56,20858762.58
1511395200,0.24,0.2503,0.2357,0.2385,126134646.49,30606231.45
1511481600,0.241,0.2443,0.2312,0.24,101011254.5,24064579.25
1511568000,0.2488,0.2531,0.2394,0.241,89796382.42,22171520.3
1511654400,0.245,0.2492,0.2412,0.2489,45849658.62,11230763.66
1511740800,0.247,0.2497,0.2403,0.2445,104909706.63,25793046.5
1511827200,0.2795,0.2806,0.2467,0.247,243886406.42,63810022.09
1511913600,0.2353,0.2797,0.2128,0.2796,286283537.59,73288773.49
1512000000,0.2356,0.2468,0.22,0.2356,153338852.47,35749407.85
1512086400,0.2473,0.2511,0.2259,0.2369,130581576.51,31411210.27
1512172800,0.2441,0.2494,0.2403,0.2473,72003762.03,17678347.76
1512259200,0.2449,0.2586,0.2354,0.2441,114743980.4,28536941.06
1512345600,0.2462,0.2486,0.2354,0.2449,88846578.17,21652453.14
1512432000,0.2337,0.2469,0.2305,0.2462,123300335.79,29479195.06
1512518400,0.2182,0.234,0.2099,0.2337,204253744.97,46216356.3
1512604800,0.2035,0.2197,0.2009,0.2182,208391038.79,43961313.33
1512691200,0.2337,0.253,0.2005,0.2037,389258800.93,90113337.27
1512777600,0.2353,0.2446,0.2295,0.2337,164407089.86,39097628.35
1512864000,0.2271,0.2366,0.2223,0.2353,121544984.41,27890523.48
1512950400,0.2451,0.247,0.227,0.2271,124361471.49,29876877.69
1513036800,0.3555,0.4369,0.2442,0.2451,519231859.46,161843160.58
1513123200,0.4584,0.5006,0.3388,0.3555,841256146.25,377803204.21
1513209600,0.8507,0.8809,0.4527,0.4582,1068868645.03,728341477.02
1513296000,0.7377,0.8523,0.6183,0.8507,677790212.11,505913400.23
1513382400,0.7397,0.8122,0.7177,0.7375,294336071.67,222751214.53
1513468800,0.7114,0.7524,0.7016,0.7397,163695151.68,119074616.08
1513555200,0.7558,0.7912,0.6651,0.7118,301537624.35,219544767.16
1513641600,0.7344,0.8402,0.7019,0.7558,321260039.22,247300691.51
1513728000,0.7144,0.7426,0.6568,0.7344,248357989.89,175104956.82
1513814400,1.12,1.13,0.7128,0.7144,835987496.76,791256236.25
1513900800,1,1.24,0.6203,1.12,932168841.54,899821406.17
1513987200,1.01,1.07,0.9263,1,223612410.71,228659274.81
1514073600,0.9782,1.01,0.8253,1.01,222169274.19,205506213.42
1514160000,0.9805,1.02,0.9236,0.9782,102065500.75,99675911.72
1514246400,1.07,1.09,0.9712,0.9805,130476216.13,133293079.02
1514332800,1.21,1.28,1.07,1.07,366816779.57,426150824.52
1514419200,1.26,1.31,1.1,1.21,286904797.52,346845252.53
1514505600,1.93,1.97,1.25,1.26,664919154.54,1092825146.85
1514592000,1.86,2.44,1.77,1.93,756289917.24,1565228735.26
1514678400,1.98,2.09,1.61,1.86,275180874.46,514273018.98
1514764800,2.05,2.09,1.81,1.98,120735961.19,232757444.9
1514851200,2.19,2.21,1.89,2.05,201990621.19,418605330.49
1514937600,2.73,2.85,2.15,2.19,387508545.77,986250815.39
1515024000,2.73,3.29,2.58,2.73,438911741.95,1299128128.22
1515110400,2.51,3.05,2.24,2.73,381017659.29,1002020058.28
1515196800,2.65,2.85,2.46,2.51,149254652.23,398736590.78
1515283200,2.78,2.82,2.58,2.65,100073167.69,272359641.4
1515369600,2.41,2.78,1.93,2.78,219906513.78,535353427.56
1515456000,2.06,2.5,1.92,2.41,218068486.61,480316287.77
1515542400,1.95,2.13,1.63,2.06,402051172.64,761397002.79
1515628800,1.93,2.24,1.56,1.95,536026777.35,1018947968.35
1515715200,2.02,2.16,1.81,1.93,214634397.57,429715482.31
1515801600,2,2.1,1.96,2.02,95828651.08,194844832.58
1515888000,1.83,2,1.76,2,100450060.49,185909079.46
1515974400,1.66,1.88,1.63,1.83,100124094.28,178452052.26
1516060800,1.15,1.68,0.8696,1.66,770222609.34,970771226.39
1516147200,1.31,1.38,0.8747,1.15,839914218.55,929665358.44
1516233600,1.57,1.73,1.23,1.31,582042803.57,877858800.75
1516320000,1.54,1.68,1.47,1.57,256804571.66,401871655.01
1516406400,1.57,1.63,1.48,1.54,160260912.12,249160785.57
1516492800,1.37,1.57,1.31,1.57,244855942.17,345641735.59
1516579200,1.34,1.42,1.14,1.37,312253325.54,392473700.15
1516665600,1.34,1.44,1.18,1.34,318465843.46,421893589.27
1516752000,1.36,1.42,1.29,1.34,182057633.26,245746147.37
1516838400,1.3,1.38,1.28,1.36,103229051.7,137374141.43
1516924800,1.21,1.32,1.11,1.3,207009867.5,249741656.68
1517011200,1.22,1.24,1.18,1.21,88349387.65,107159051.53
1517097600,1.36,1.39,1.22,1.22,124519387.89,160930675.26
1517184000,1.27,1.37,1.25,1.36,100410405.23,130238546.43
1517270400,1.11,1.27,1.09,1.27,184895032.23,216780181.79
1517356800,1.14,1.15,1.02,1.11,142102672.17,155671720.77
1517443200,0.9503,1.14,0.8958,1.14,245349503.85,243922158.25
1517529600,0.8989,0.961,0.6586,0.9503,619944821.95,516429237.37
1517616000,0.9595,1.02,0.7792,0.8989,280118838.01,257361990.36
1517702400,0.8166,0.9678,0.7793,0.9595,218203549.82,188852901.27
1517788800,0.6805,0.835,0.6392,0.8166,395818020.33,286445005.85
1517875200,0.7619,0.7785,0.5722,0.6805,512930362.9,343075949.03
1517961600,0.7157,0.8132,0.6959,0.7619,220996424.04,167590807.97
1518048000,0.781,0.7887,0.711,0.7157,161054730.61,121529485.93
1518134400,0.9201,0.928,0.7407,0.781,254208548.97,216317336.77
1518220800,1.03,1.23,0.9058,0.9201,556443223.11,581681815.44
1518307200,0.9607,1.04,0.8925,1.03,279928791.85,270280545.61
1518393600,1.04,1.08,0.9574,0.9607,202105878.89,208832351.89
1518480000,0.9866,1.05,0.965,1.04,116762831.78,116730650.44
1518566400,1.13,1.15,0.9807,0.9866,200006530.01,213096441.42
1518652800,1.11,1.14,1.07,1.13,159487401.71,177079070.26
1518739200,1.11,1.12,1.07,1.11,84492699.95,92551967.39
1518825600,1.18,1.2,1.1,1.11,121915274.55,140771185.12
1518912000,1.07,1.18,1.04,1.18,122591574.17,134960579.49
1518998400,1.11,1.13,1.07,1.07,54217189.34,60167206.76
1519084800,1.03,1.13,1.01,1.11,98718946.43,106414418.77
1519171200,0.9512,1.04,0.9389,1.03,132539261.86,130894818.35
1519257600,0.8904,0.9999,0.8637,0.9512,141837708.92,130321052.81
1519344000,0.9402,0.9829,0.8529,0.8904,113311756.75,105300019.39
1519430400,0.9009,0.967,0.8709,0.9402,69734771.36,63672682.67
1519516800,0.9012,0.9242,0.8787,0.9009,46878406.95,42176648.42
1519603200,0.9296,0.9433,0.8756,0.9014,65494897.69,59943198.22
1519689600,0.9276,0.9579,0.9177,0.9296,51167792.83,48040025.71
1519776000,0.8853,0.9467,0.8817,0.9276,52904670.26,48326696
1519862400,0.9155,0.9481,0.8754,0.8857,58173902.29,53144795.5
1519948800,0.8983,0.9211,0.8869,0.9155,34280826.12,30896737.31
1520035200,0.8984,0.9206,0.8914,0.8983,44851912.56,40559528.23
1520121600,1,1.03,0.8847,0.8984,129805721.93,124105558.43
1520208000,0.9427,1.09,0.9422,1,238320901.89,242874367.84
1520294400,0.9013,0.9791,0.889,0.9427,149999365.4,139373840.45
1520380800,0.8535,0.913,0.7885,0.9013,165235657.07,141658375.58
1520467200,0.8053,0.8716,0.7947,0.8535,91001508.64,76018604.9
1520553600,0.8236,0.8415,0.7325,0.8053,162595799.43,127177630.95
1520640000,0.775,0.8412,0.7691,0.8236,63122926.67,50954013.63
1520726400,0.8173,0.8301,0.7501,0.775,78005790.31,62035424.74
1520812800,0.7822,0.8282,0.7653,0.8173,61409880.09,49013833.94
1520899200,0.7777,0.7991,0.7605,0.7822,47210414.4,36680378.24
1520985600,0.6876,0.7918,0.6556,0.7777,104390475.16,74718642.59
1521072000,0.6841,0.7238,0.6293,0.6876,136951873.14,91947096.68
1521158400,0.6779,0.7091,0.6597,0.6841,85024266.24,58577029.72
1521244800,0.6278,0.6829,0.6148,0.6779,73368387.57,47574680.44
1521331200,0.65,0.6822,0.5386,0.6278,207086714.76,123397502.13
1521417600,0.7203,0.7249,0.6275,0.65,157478330.07,105733514.73
1521504000,0.6996,0.7203,0.6576,0.7203,138393811.13,95865093.49
1521590400,0.6786,0.7085,0.6621,0.6996,92683253.78,63760058.35
1521676800,0.6523,0.6902,0.622,0.6786,83593624.11,54532400.06
1521763200,0.6404,0.6535,0.6139,0.6523,68753613.29,43174298.47
1521849600,0.629,0.6776,0.6279,0.6404,61275780.76,39874599.35
1521936000,0.6341,0.6541,0.623,0.6291,44521955.38,28270263.67
1522022400,0.5874,0.6377,0.5754,0.6341,95218085.79,57143800.89
1522108800,0.5703,0.6018,0.5579,0.5874,75571751.28,43752083.89
1522195200,0.5733,0.5886,0.5651,0.5703,40895296.13,23514791.73
1522281600,0.5031,0.5745,0.4975,0.5733,129763987.43,68842916.04
1522368000,0.499,0.5257,0.4715,0.5031,145672467.31,71841509.56
1522454400,0.5003,0.5219,0.4929,0.4989,66323170.81,33649410.94
1522540800,0.4787,0.5078,0.4552,0.5003,81295552.25,39051078.63
1522627200,0.4937,0.5034,0.4719,0.4787,57281704.71,27904801.96
1522713600,0.5473,0.5531,0.4919,0.4937,107732072.54,56654630.6
1522800000,0.4903,0.5523,0.4861,0.5473,92286238.18,46939972.89
1522886400,0.4886,0.4975,0.475,0.4903,68257090.93,33139253.04
1522972800,0.4731,0.4947,0.4592,0.4886,54812084.92,25925305.31
1523059200,0.4847,0.4962,0.4713,0.4731,48098726.29,23441856.27
1523145600,0.4973,0.5012,0.4841,0.4847,33668598.44,16618055.41
1523232000,0.4862,0.5114,0.4749,0.4973,59241002.25,29080366.2
1523318400,0.4909,0.4935,0.4778,0.4862,30110659.14,14635880.04
1523404800,0.5399,0.5558,0.4858,0.4909,73902307.36,38211367.13
1523491200,0.6416,0.6627,0.5029,0.5401,262214977.55,149987432.79
1523577600,0.6424,0.7077,0.6132,0.6416,237209996.4,156289744.78
1523664000,0.6401,0.6725,0.6217,0.6424,91969043.44,59196723.64
1523750400,0.6935,0.696,0.6401,0.6401,84039969.28,56571761.74
1523836800,0.6638,0.695,0.6349,0.6936,76314668.75,50371103.98
1523923200,0.6548,0.6817,0.651,0.6638,72717220.36,48476925.26
1524009600,0.7132,0.7288,0.653,0.6549,111709047.12,77284009.77
1524096000,0.7828,0.7876,0.7047,0.7132,110143636.26,81040019.98
1524182400,0.9229,0.9367,0.7828,0.7828,281888930.78,243635236.6
1524268800,0.8655,0.9238,0.8061,0.9229,192688888.71,166546639.13
1524355200,0.862,0.9139,0.8394,0.8655,106515250.42,93721726.77
1524441600,0.8736,0.8848,0.8452,0.862,86651553.58,75109364.84
1524528000,0.9213,0.9643,0.868,0.8736,196270814.05,180720058.81
1524614400,0.795,0.9255,0.7689,0.9213,273245455.94,226425836.09
1524700800,0.8463,0.8487,0.7618,0.795,132476834.03,106487370.34
1524787200,0.8057,0.8617,0.8033,0.8466,84895211.14,71168735
1524873600,0.8616,0.8887,0.8018,0.8057,83283580.45,71185161.43
1524960000,0.8682,0.9078,0.8249,0.8617,85680706.64,74077280.34
1525046400,0.8313,0.876,0.8189,0.8682,60648150.68,51107833.87
1525132800,0.834,0.8403,0.7823,0.8313,75796144.3,61573990.07
1525219200,0.8587,0.8661,0.8239,0.8343,57911547.6,49144551.25
1525305600,0.8802,0.8924,0.8398,0.8587,89396275.66,77720401.83
1525392000,0.8889,0.9296,0.8573,0.8802,108449654.32,97116439.27
1525478400,0.9004,0.928,0.8877,0.8889,66051090.5,59868797.05
1525564800,0.8629,0.9152,0.8412,0.9004,71104709.51,61974293.92
1525651200,0.8266,0.8648,0.7987,0.8629,81949769.01,67281115.5
1525737600,0.8065,0.8454,0.7912,0.8262,56966622.57,46387558.96
1525824000,0.7957,0.8171,0.7588,0.8065,79755073.39,62533407.72
1525910400,0.7485,0.8038,0.7464,0.7957,61023119.81,47806920.45
1525996800,0.678,0.755,0.6487,0.7485,214024693.88,147821637.19
1526083200,0.6836,0.7101,0.6291,0.6781,108498143.97,72967398.1
1526169600,0.7285,0.7471,0.6646,0.6836,78751347.78,55954925.13
1526256000,0.7272,0.7497,0.6888,0.7285,104052737.19,75054864.25
1526342400,0.6905,0.7485,0.6819,0.7272,68313896.1,49060141.27
1526428800,0.708,0.7089,0.6595,0.6905,62799148.4,42829140.24
1526515200,0.6592,0.7113,0.651,0.708,54593920.93,37306943.26
1526601600,0.6762,0.6829,0.6469,0.6592,64245900.78,42774264.93
1526688000,0.6747,0.6911,0.6607,0.6764,33060708.87,22298465.41
1526774400,0.6985,0.7057,0.6681,0.6747,38528852.5,26544024.12
1526860800,0.6756,0.7021,0.6695,0.6985,36524783.18,25022671.75
1526947200,0.6384,0.6776,0.636,0.6756,42980417.73,28368151.26
1527033600,0.591,0.644,0.5755,0.6384,131539934.43,79817475.4
1527120000,0.6293,0.638,0.5773,0.591,86467708.01,52702668.2
1527206400,0.6057,0.6337,0.5941,0.6293,67631296.59,41292444.55
1527292800,0.609,0.6262,0.598,0.6057,31860767.35,19570145.95
1527379200,0.6044,0.6122,0.5982,0.609,30301607.57,18292039.54
1527465600,0.5478,0.6076,0.547,0.6044,74425193.27,42831495.13
1527552000,0.5997,0.6094,0.5447,0.5478,76361434.85,44215588.38
1527638400,0.6005,0.6267,0.5831,0.6001,56534374.55,34151146.9
1527724800,0.6111,0.6208,0.59,0.6005,45218200.79,27595208.3
1527811200,0.6209,0.6241,0.6047,0.6111,41086518.35,25161099.5
1527897600,0.6428,0.6502,0.6147,0.6209,52261482.42,33309009.53
1527984000,0.6883,0.6883,0.6381,0.6428,55620447.18,36719214.4
1528070400,0.6555,0.7036,0.6357,0.6883,79557930.26,52823089.38
1528156800,0.6743,0.6846,0.6337,0.6555,55265842.97,36539843.66
1528243200,0.6737,0.6814,0.6556,0.6743,38291011.22,25622259.53
1528329600,0.6774,0.6883,0.6705,0.6737,32172988.07,21852493.43
1528416000,0.6734,0.6795,0.6583,0.6774,27879217.82,18648799.17
1528502400,0.6573,0.6794,0.656,0.6734,17847972.87,11928868.1
1528588800,0.5817,0.6573,0.5527,0.6573,106565827.44,63868435.74
1528675200,0.5988,0.601,0.5606,0.5817,52056541.94,30081931.15
1528761600,0.5575,0.599,0.5446,0.5988,62008285.58,35341129.51
1528848000,0.5301,0.5617,0.5047,0.5572,83611469.13,44301573.58
1528934400,0.5576,0.5679,0.52,0.5301,76031412.32,41614249.58
1529020800,0.5338,0.5596,0.5285,0.5576,42794963.27,23328758.68
1529107200,0.5326,0.5383,0.5188,0.5338,34869251.74,18498627.91
1529193600,0.5269,0.5409,0.5226,0.5326,21772340.47,11554036.35
1529280000,0.5391,0.5507,0.507,0.5269,56857320.56,29967799.36
1529366400,0.5492,0.5612,0.535,0.5392,36702973.01,20009331.73
1529452800,0.5396,0.5501,0.5236,0.549,31190775.74,16687327.72
1529539200,0.5341,0.5485,0.5305,0.5396,21445524.03,11550896.65
1529625600,0.4826,0.5348,0.4701,0.5341,95150465.02,47430131.82
1529712000,0.4906,0.4956,0.4752,0.4822,29647182.9,14420459.2
1529798400,0.4747,0.496,0.4404,0.4906,81941153.93,38026200.48
1529884800,0.4805,0.4916,0.4727,0.4747,38811570.01,18652479.23
1529971200,0.4525,0.4825,0.4517,0.4805,35802306.71,16885861.41
1530057600,0.4712,0.4756,0.4486,0.4525,37458561.17,17324746.48
1530144000,0.4467,0.4733,0.4435,0.4711,34794245.17,15859761.02
1530230400,0.4538,0.4603,0.4248,0.4469,54843058.03,24156456.8
1530316800,0.4685,0.4826,0.4537,0.4538,49249801.71,23040202.66
1530403200,0.4612,0.4696,0.45,0.4685,25721034.18,11796272.88
1530489600,0.4899,0.4955,0.4528,0.4612,52692864.19,25177023.57
1530576000,0.4846,0.5193,0.4784,0.4897,57688975.03,28730745.66
1530662400,0.492,0.5066,0.4753,0.4846,42054793.68,20670348.08
1530748800,0.4773,0.5023,0.4697,0.492,44018489.17,21292111.07
1530835200,0.4764,0.4814,0.4596,0.4773,31547890.72,14856116.89
1530921600,0.4851,0.4867,0.4646,0.4764,22242123.65,10519695.77
1531008000,0.4782,0.4883,0.475,0.4851,33729886.75,16302775.32
1531094400,0.4731,0.4816,0.4711,0.4782,25128415.3,11955821.71
1531180800,0.4426,0.4735,0.4392,0.4731,46805571.65,21198531.07
1531267200,0.449,0.4513,0.4404,0.4426,25157747.66,11231000.72
1531353600,0.4379,0.4492,0.4246,0.449,37160145.25,16174770.7
1531440000,0.438,0.445,0.4306,0.4379,28682213.35,12602652.53
1531526400,0.4388,0.443,0.4326,0.4378,14987232.26,6551256.26
1531612800,0.4474,0.4495,0.4358,0.4388,17790843.03,7915953.09
1531699200,0.4824,0.484,0.4432,0.4474,47242736.47,21925897.49
1531785600,0.5066,0.5196,0.4691,0.4824,64453698.3,31952625.34
1531872000,0.4887,0.5236,0.4764,0.5066,63981246.93,32135072.11
1531958400,0.4768,0.4945,0.4718,0.4887,36875134.13,17765244.65
1532044800,0.4448,0.4769,0.4301,0.4768,60929656.64,27507104.79
1532131200,0.4544,0.4589,0.435,0.4448,22805307.29,10281514.01
1532217600,0.4488,0.4628,0.4467,0.4544,19765636.67,8990531.61
1532304000,0.445,0.4639,0.4421,0.4488,31882912.55,14413430.67
1532390400,0.4573,0.4689,0.4377,0.445,62345751.35,28406467.49
1532476800,0.459,0.468,0.4515,0.4573,40135320.65,18458283.33
1532563200,0.4492,0.4689,0.4469,0.459,28310017.8,12994214.51
1532649600,0.4548,0.4601,0.4446,0.4493,23135406.85,10472985.24
1532736000,0.4576,0.4582,0.4482,0.4548,12534248.73,5681168.85
1532822400,0.4529,0.4582,0.4503,0.4577,10566013.25,4791594.7
1532908800,0.4458,0.456,0.4346,0.4529,27897590.64,12444046.17
1532995200,0.4351,0.4461,0.4272,0.4458,28395247.89,12347342.52
1533081600,0.4464,0.4626,0.4266,0.4351,46800823.44,20779985.49
1533168000,0.4306,0.4483,0.43,0.4464,20886933,9117616.23
1533254400,0.4402,0.446,0.4259,0.4306,35100515.88,15352860.85
1533340800,0.4296,0.4446,0.4279,0.4402,16295568.99,7079358.6
1533427200,0.4347,0.4371,0.4274,0.4296,15778071.57,6806794.59
1533513600,0.4128,0.437,0.403,0.4347,43479648.07,18287694.08
1533600000,0.3781,0.4154,0.375,0.4128,76448836.36,30410085.42
1533686400,0.3321,0.3784,0.3199,0.3781,157160088.54,53785927.72
1533772800,0.344,0.3574,0.3282,0.3321,89355775.71,30619366.3
1533859200,0.3187,0.3461,0.3128,0.344,71507541.82,23450994.08
1533945600,0.298,0.3196,0.2882,0.3187,91319391.16,27548709.19
1534032000,0.2958,0.3097,0.2948,0.298,36556658.85,11009460.86
1534118400,0.2745,0.3096,0.2716,0.2958,61711156.86,17918490.13
1534204800,0.273,0.2771,0.2468,0.2745,92651258.62,24090445.12
1534291200,0.2803,0.3021,0.2729,0.273,103537916.19,29867544.69
1534377600,0.2916,0.3015,0.2758,0.2803,64078392.97,18628784.76
1534464000,0.3672,0.3736,0.291,0.2916,129218463.39,42632206.54
1534550400,0.3284,0.3705,0.3133,0.3672,104612603.91,35223193.8
1534636800,0.3414,0.3522,0.3185,0.3284,80700114.07,27395245.22
1534723200,0.3149,0.3505,0.3136,0.3414,93533366.43,31079719.18
1534809600,0.334,0.3378,0.3135,0.3149,57859998.78,18991301.24
1534896000,0.3178,0.3555,0.3107,0.334,101406214.02,33581012.35
1534982400,0.3257,0.3294,0.3154,0.3178,62107365.12,19943471.03
1535068800,0.3269,0.3293,0.3153,0.3257,56289421.92,18108336.61
1535155200,0.3273,0.332,0.3222,0.3269,18735792.09,6126914.86
1535241600,0.323,0.3283,0.3185,0.3273,20100651.89,6484055.15
1535328000,0.3387,0.3401,0.3218,0.323,61742998.04,20324568.94
1535414400,0.3508,0.357,0.3348,0.3387,93544263.14,32399292.68
1535500800,0.3447,0.3545,0.3384,0.3508,63502538.74,21962005.24
1535587200,0.3348,0.3464,0.3232,0.3447,61727231.66,20505590.27
1535673600,0.3348,0.3407,0.3276,0.3348,37203732.22,12396825.09
1535760000,0.3468,0.3537,0.3346,0.3348,45057570.41,15503014.66
1535846400,0.3417,0.3491,0.3361,0.3468,39384634.46,13474248.7
1535932800,0.3345,0.3437,0.3328,0.3417,29548059.57,9953632.45
1536019200,0.3304,0.3408,0.3285,0.3345,58109640.54,19428083.25
1536105600,0.2789,0.3334,0.2778,0.3304,138224873.61,41640264.65
1536192000,0.3014,0.3047,0.268,0.2789,122939065.99,35259785.59
1536278400,0.2868,0.304,0.2811,0.3014,56005836.31,16411141.06
1536364800,0.2769,0.2937,0.2693,0.2868,44658066.29,12483364.15
1536451200,0.2759,0.2908,0.271,0.2769,57674119.02,16211832.54
1536537600,0.2697,0.2822,0.26,0.276,107874145.13,29176231.97
1536624000,0.263,0.2747,0.2526,0.2697,84239163.86,22046487.85
1536710400,0.2699,0.2732,0.2535,0.263,68055974.51,17878592.3
1536796800,0.2793,0.2856,0.2674,0.2699,73714364.05,20437354.03
1536883200,0.2762,0.2849,0.2718,0.2792,57616165.61,16042467.56
1536969600,0.2807,0.2846,0.2758,0.2761,24047819.03,6746967.63
1537056000,0.281,0.2821,0.2743,0.2807,21695543.32,6040876.47
1537142400,0.2705,0.2834,0.2667,0.281,60131569.86,16495204.79
1537228800,0.319,0.3364,0.2692,0.2705,224433379.79,69940386.23
1537315200,0.3265,0.3352,0.3109,0.319,148030862.08,47846845.49
1537401600,0.4485,0.4977,0.3216,0.3265,405786389.23,162916185.73
1537488000,0.5644,0.783,0.4265,0.4485,996038103.8,568631938.08
1537574400,0.5732,0.626,0.4923,0.5644,404299235.55,227138626.51
1537660800,0.5713,0.5987,0.5559,0.5733,146346696.1,84150014.45
1537747200,0.4921,0.5833,0.4829,0.5713,216689675.32,113996651.26
1537833600,0.5251,0.5478,0.436,0.4923,400809176.3,189762691.49
1537920000,0.5129,0.5732,0.484,0.5251,419369652.47,221590529.94
1538006400,0.5434,0.5546,0.5065,0.5129,155672421.6,82665931
1538092800,0.5396,0.5513,0.5149,0.5434,136046447.6,72690340.6
1538179200,0.5688,0.5955,0.5237,0.5396,172111478.96,96697804.96
1538265600,0.5817,0.6225,0.5589,0.5688,201713890.51,119061374.29
1538352000,0.5769,0.6045,0.5325,0.5817,259366463.46,147631060.19
1538438400,0.5165,0.5796,0.5135,0.5769,134451401.96,74359301
1538524800,0.5277,0.5377,0.5067,0.5165,138892044.17,72629765.77
1538611200,0.5281,0.548,0.5248,0.5277,74960822.99,40192913.55
1538697600,0.5195,0.5323,0.5096,0.5281,94823622.89,49240775.92
1538784000,0.4877,0.522,0.4682,0.5195,127352109.87,62429145.39
1538870400,0.482,0.4896,0.4671,0.4877,71979850.41,34312127.95
1538956800,0.491,0.5002,0.4782,0.482,91674630.65,44927184.54
1539043200,0.4805,0.4919,0.4697,0.491,56832310.04,27287509.94
1539129600,0.464,0.4805,0.4595,0.4805,60146604.36,28104329.67
1539216000,0.3809,0.464,0.3761,0.464,243179874.82,100057182.97
1539302400,0.4193,0.4457,0.3763,0.3809,176201897.31,74069966.57
1539388800,0.4194,0.4287,0.4144,0.4193,53902405.46,22651210.67
1539475200,0.4064,0.4273,0.3986,0.4194,59265573.06,24772632.69
1539561600,0.4555,0.5074,0.3964,0.4064,260562513.23,118824784.85
1539648000,0.4774,0.4808,0.4506,0.4555,92223570.13,42920689.69
1539734400,0.4774,0.489,0.465,0.4774,84414074.59,40239758.28
1539820800,0.4619,0.4871,0.4494,0.4774,82299618.84,38358110.6
1539907200,0.4567,0.4656,0.452,0.4619,49707848.03,22726071.95
1539993600,0.4646,0.4686,0.4529,0.4567,33008338.51,15280968.97
1540080000,0.4613,0.4707,0.4596,0.4646,30746132.19,14324747.47
1540166400,0.4575,0.4643,0.4518,0.4613,32368859.27,14791087.13
1540252800,0.4658,0.4805,0.4402,0.4575,99016899.01,45230749.04
1540339200,0.461,0.4735,0.4579,0.4658,49994569.65,23343148.97
1540425600,0.4604,0.4688,0.455,0.461,56193727.68,25873328.03
1540512000,0.4641,0.4665,0.4549,0.4604,44985181.22,20725079.48
1540598400,0.4587,0.4641,0.4547,0.4641,33050168.42,15168156.85
1540684800,0.462,0.4645,0.4562,0.4587,30050927.07,13808045.24
1540771200,0.443,0.4629,0.4332,0.4621,81581987.35,36374055.13
1540857600,0.4459,0.4509,0.4414,0.443,40342713.78,17988564.72
1540944000,0.4524,0.4594,0.4369,0.4459,55205543.47,24713299.85
1541030400,0.4593,0.4595,0.4484,0.4524,36284372.57,16478739.02
1541116800,0.459,0.4649,0.4561,0.4593,66112659.38,30402646.75
1541203200,0.4558,0.4605,0.4541,0.4589,20847319.88,9526240.41
1541289600,0.4686,0.4766,0.4489,0.4558,65192537.74,30237183.85
1541376000,0.4993,0.503,0.4622,0.4686,104180145.95,50247367.37
1541462400,0.5529,0.5669,0.4992,0.4993,224977610.47,119795165.85
1541548800,0.5381,0.5538,0.5263,0.5529,81285725.54,43609109.67
1541635200,0.4944,0.5433,0.4916,0.5381,118469801.69,60576254.1
1541721600,0.5016,0.5188,0.4939,0.4944,71993973.6,36322302.77
1541808000,0.5061,0.513,0.5005,0.5016,30667448.94,15532114.33
1541894400,0.5069,0.5087,0.4958,0.5061,27639937.65,13913309.06
1541980800,0.5209,0.5311,0.5024,0.5069,71668469.12,37083248.27
1542067200,0.5121,0.5286,0.5072,0.5208,72999684.6,37877381.87
1542153600,0.4749,0.5141,0.4112,0.5121,234910826.52,108469800.25
1542240000,0.4839,0.4891,0.4273,0.475,187872600.58,86679038.99
1542326400,0.4736,0.49,0.4619,0.4839,81998419.83,38884656.7
1542412800,0.4943,0.5004,0.4671,0.4736,64842783.34,31460517.68
1542499200,0.5128,0.5272,0.4921,0.4943,98530702.61,50411769.96
1542585600,0.4776,0.5131,0.465,0.5128,208777497.6,101723748.26
1542672000,0.4369,0.5032,0.4089,0.4775,298736828.39,135345085.55
1542758400,0.4476,0.4632,0.414,0.4369,130561998.1,57242507.32
1542844800,0.4225,0.4508,0.4205,0.4476,55877911.57,24402934.18
1542931200,0.4089,0.4288,0.3944,0.4225,120351769.22,49185232.01
1543017600,0.3756,0.4217,0.3643,0.4089,133718490.14,52512716.33
1543104000,0.3782,0.3919,0.3234,0.3755,288358887.75,101835232.98
1543190400,0.359,0.394,0.341,0.3782,217349629.86,79486009.91
1543276800,0.3626,0.3739,0.3426,0.359,110577381.45,39226408.05
1543363200,0.3925,0.4042,0.3625,0.3626,128014643.31,49185180.65
1543449600,0.3812,0.3953,0.3715,0.3925,102845605.63,39334606.06
1543536000,0.363,0.3832,0.3537,0.3812,84029596.53,30746483.65
1543622400,0.3737,0.3799,0.3563,0.363,52639491.58,19496850.02
1543708800,0.3695,0.3819,0.3644,0.3737,49819063.32,18485314.36
1543795200,0.3468,0.3701,0.3435,0.3695,79721350.54,28170667.47
1543881600,0.3519,0.3629,0.3375,0.3468,73940176.78,26105456.19
1543968000,0.337,0.353,0.3359,0.3519,78421352.64,27004718.55
1544054400,0.3074,0.3447,0.3042,0.337,116206741.9,38189032.1
1544140800,0.3023,0.3142,0.2894,0.3074,149846520.72,45112049.87
1544227200,0.3074,0.3273,0.2929,0.3023,86759745.52,26765291.16
1544313600,0.3136,0.3258,0.3024,0.3074,48232479.83,15090424.3
1544400000,0.3022,0.3178,0.2973,0.3136,57450554.76,17429162.53
1544486400,0.3005,0.3119,0.2949,0.3022,47787816.45,14406594.92
1544572800,0.3081,0.3128,0.2985,0.3005,44567208.26,13663002.63
1544659200,0.3002,0.3089,0.2965,0.3081,43635174.99,13219726.66
1544745600,0.2894,0.3007,0.2834,0.3002,61998921.26,18128748.2
1544832000,0.2858,0.2925,0.2815,0.2894,38219275.96,10914056.9
1544918400,0.2891,0.2978,0.285,0.2858,37960910.15,11110154.39
1545004800,0.3319,0.342,0.2866,0.2891,114541922.73,36137780.7
1545091200,0.3558,0.3561,0.3263,0.3319,105803150.14,35829098.59
1545177600,0.3531,0.3998,0.3488,0.3558,168220431.35,62670645.69
1545264000,0.3808,0.395,0.348,0.3531,149477049.59,56271426.04
1545350400,0.3609,0.3906,0.3547,0.3808,98942197.21,36784583.78
1545436800,0.3675,0.3697,0.3504,0.3609,51849184.69,18643706.84
1545523200,0.3757,0.3898,0.3656,0.3675,67827304.18,25513308.93
1545609600,0.4097,0.4601,0.3754,0.3757,215932723.8,91460052.23
1545696000,0.3862,0.4126,0.37,0.4097,102285943.23,39193121.17
1545782400,0.3833,0.3978,0.3624,0.3862,74255795.25,28130037.43
1545868800,0.342,0.3844,0.334,0.3833,66690313.17,23844010.22
1545955200,0.3821,0.3885,0.3374,0.342,96748885.91,35562836.58
1546041600,0.368,0.3915,0.3646,0.3821,73605818.37,27903594.45
1546128000,0.3752,0.3759,0.3624,0.368,47252155.05,17451478.32
1546214400,0.3564,0.3817,0.352,0.3752,70218922.46,25597236.31
1546300800,0.3709,0.3711,0.3522,0.3564,43958641.36,15909372.81
1546387200,0.3799,0.3857,0.3639,0.3709,50381509.51,18846350.5
1546473600,0.3607,0.3805,0.353,0.3799,41322936.47,15111960.04
1546560000,0.3628,0.3662,0.3522,0.3607,42352749.02,15262871.31
1546646400,0.3569,0.3697,0.351,0.3628,45933091.16,16653494.44
1546732800,0.3721,0.3784,0.3527,0.3569,60577962.17,22133737.21
1546819200,0.3671,0.3807,0.3638,0.3721,45387850.05,16831783.56
1546905600,0.3696,0.3763,0.3607,0.3671,49072319.34,18117142.71
1546992000,0.3721,0.3759,0.3626,0.3696,53757637.42,19845546.83
1547078400,0.3326,0.3918,0.3227,0.3721,156328763.38,55206778.71
1547164800,0.3316,0.3395,0.3265,0.3326,46268885.74,15399535.98
1547251200,0.3325,0.3363,0.3288,0.3316,20675497.85,6881161.56
1547337600,0.3188,0.3372,0.3161,0.3325,43293271.4,14016295.25
1547424000,0.3364,0.3428,0.3182,0.3188,54778043.18,18193443.43
1547510400,0.3278,0.3391,0.3231,0.3364,38174574.83,12647896.53
1547596800,0.3302,0.3376,0.3261,0.3278,34384070.31,11345358.68
1547683200,0.3313,0.3342,0.3242,0.3302,31594526.78,10386208.6
1547769600,0.3247,0.3318,0.3212,0.3313,26424431.98,8600904.39
1547856000,0.3336,0.3442,0.3241,0.3247,41058087.7,13765338.11
1547942400,0.32,0.3355,0.3145,0.3336,38395084.81,12364282.49
1548028800,0.3209,0.3246,0.3163,0.32,20641532.71,6608761.42
1548115200,0.3216,0.3249,0.3091,0.3209,38278917.85,12197731.3
1548201600,0.3169,0.3229,0.3151,0.3216,24355616.51,7757781.88
1548288000,0.3198,0.3226,0.3143,0.3169,20721124.39,6607354.89
1548374400,0.3174,0.3217,0.3134,0.3198,20330822.2,6432538.99
1548460800,0.3155,0.3216,0.3145,0.3174,18665043.83,5934146.83
1548547200,0.3082,0.3162,0.305,0.3155,23637475.16,7350407.96
1548633600,0.2952,0.3093,0.2838,0.3082,66360994.14,19512295.04
1548720000,0.2892,0.2967,0.2836,0.2952,39451695.49,11426282.9
1548806400,0.3235,0.3283,0.2863,0.2892,97174763.41,30613606.78
1548892800,0.3122,0.3381,0.3057,0.3235,87448121.85,27944359.73
1548979200,0.3086,0.3139,0.2978,0.3122,53406113.16,16312227.49
1549065600,0.3115,0.3145,0.3053,0.3086,36864443.48,11377217.93
1549152000,0.3028,0.3135,0.2982,0.3115,34570573.08,10552150.86
1549238400,0.2986,0.3061,0.2973,0.3028,25294010.13,7607590.52
1549324800,0.2996,0.3027,0.2961,0.2986,21247359.12,6333920.46
1549411200,0.289,0.3007,0.2878,0.2996,45129010.79,13162021.63
1549497600,0.2909,0.2936,0.2884,0.289,24834028.87,7244170.05
1549584000,0.3127,0.3216,0.2897,0.2909,82277644.05,25144924.31
1549670400,0.3123,0.3163,0.3075,0.3127,33647861.17,10476643.77
1549756800,0.3098,0.3125,0.2995,0.3123,42045225.97,12808170.98
1549843200,0.3023,0.3106,0.3017,0.3098,30455839.98,9251450.51
1549929600,0.3055,0.3085,0.2975,0.3023,41625632.29,12591938.16
1550016000,0.305,0.3137,0.3011,0.3055,43233779.7,13253473.53
1550102400,0.3015,0.3064,0.301,0.305,26343847.24,7992924.1
1550188800,0.3023,0.3067,0.2988,0.3015,33525298.62,10123618.84
1550275200,0.3019,0.3049,0.3008,0.3023,19271597.15,5843977.74
1550361600,0.3048,0.3092,0.299,0.3019,37747116.62,11461881.38
1550448000,0.3238,0.3323,0.3035,0.3048,106972175.23,33971649.08
1550534400,0.3254,0.3498,0.3218,0.3238,107698044.94,36152553.98
1550620800,0.333,0.3369,0.3209,0.3254,55831380.5,18350562.38
1550707200,0.322,0.335,0.3187,0.333,49028129.65,15858343.95
1550793600,0.3249,0.327,0.3174,0.322,38276350.68,12366384.06
1550880000,0.3362,0.3381,0.3204,0.3249,50637335.44,16715353.87
1550966400,0.3005,0.3468,0.2983,0.3362,106714937.6,34161621.93
1551052800,0.3307,0.3428,0.3,0.3005,116691775.57,37868951.12
1551139200,0.3197,0.3375,0.3166,0.3307,71230690.9,23007753.55
1551225600,0.3136,0.3217,0.3024,0.3197,60198714.67,18865558.96
1551312000,0.3166,0.321,0.3105,0.3136,58988715.63,18564756.61
1551398400,0.3172,0.3263,0.3137,0.3166,76895528.56,24609312.39
1551484800,0.3163,0.3192,0.3119,0.3172,39942309.02,12613527.62
1551571200,0.3129,0.318,0.3104,0.3163,29267078.45,9191967.08
1551657600,0.3043,0.3143,0.3005,0.3129,47340455.54,14475902.43
1551744000,0.3171,0.32,0.303,0.3043,54971937.18,17198683.26
1551830400,0.3188,0.3229,0.312,0.3171,52616759.45,16683732.28
1551916800,0.3141,0.3211,0.3139,0.3188,39564169.69,12526362.18
1552003200,0.3095,0.3167,0.3056,0.3141,43501609.1,13574497.22
1552089600,0.3151,0.3196,0.3085,0.3095,35991767.54,11342812.7
1552176000,0.3143,0.3188,0.3104,0.3151,31964049.23,10038128.99
1552262400,0.312,0.3155,0.3092,0.3143,43902747.58,13704730.59
1552348800,0.3108,0.3126,0.3073,0.312,41623481.68,12887038.48
1552435200,0.3161,0.3269,0.3084,0.3108,58239039.78,18514621.99
1552521600,0.3136,0.3186,0.3009,0.3161,44879089.01,13988441.73
1552608000,0.3165,0.3184,0.3126,0.3136,34625667.44,10919215.42
1552694400,0.3206,0.3238,0.316,0.3165,51084813.35,16354557.83
1552780800,0.3174,0.3208,0.3165,0.3206,22637698.18,7191654.9
1552867200,0.3167,0.3213,0.3143,0.3174,37841484.85,11982960.66
1552953600,0.3169,0.3172,0.3134,0.3167,25723789.07,8109596.37
1553040000,0.3197,0.3233,0.3127,0.3169,43912030,13926522.78
1553126400,0.3112,0.321,0.3049,0.3197,52446189.04,16403081.61
1553212800,0.3113,0.3135,0.3083,0.3112,28403050.73,8823058.78
1553299200,0.3117,0.313,0.3099,0.3113,18365441.27,5716999.87
1553385600,0.3085,0.3119,0.3052,0.3117,27182942.92,8390718.05
1553472000,0.3024,0.3087,0.2998,0.3085,37083829.7,11271329.1
1553558400,0.3028,0.3031,0.2882,0.3024,45228982.99,13461882.53
1553644800,0.3111,0.3121,0.3003,0.3028,44526205.55,13707386.29
1553731200,0.3072,0.3112,0.3056,0.3111,28162747.62,8661187.81
1553817600,0.3096,0.3113,0.3057,0.3072,45628468.08,14082660.84
1553904000,0.3128,0.3198,0.309,0.3096,48525397.85,15237240.25
1553990400,0.3109,0.3131,0.309,0.3128,25267324.97,7852038.26
1554076800,0.3134,0.3155,0.3092,0.3109,37110371.44,11606504.54
1554163200,0.3545,0.3606,0.3122,0.3134,178392066.96,60263705.95
1554249600,0.3426,0.3746,0.3269,0.3545,257285588.96,92349764.62
1554336000,0.3314,0.3494,0.3266,0.3426,119969186.69,40551004.73
1554422400,0.3644,0.3798,0.3313,0.3314,207645866.09,75465739.33
1554508800,0.354,0.3648,0.349,0.3644,97922780.99,35056608.1
1554595200,0.3638,0.3675,0.3522,0.354,84853951.02,30557534.06
1554681600,0.3591,0.3715,0.3496,0.3638,96085371.21,34634914.24
1554768000,0.3504,0.3596,0.3494,0.3591,52497358.95,18551578.08
1554854400,0.354,0.3618,0.3464,0.3504,79054504.34,28131042.95
1554940800,0.3292,0.3542,0.3231,0.354,92490807.42,30930268.79
1555027200,0.3258,0.3306,0.3186,0.3292,60044089.45,19512836.37
1555113600,0.3268,0.3378,0.3231,0.3258,42701582.45,14043490.82
1555200000,0.3303,0.3321,0.3231,0.3268,36300295.04,11849846.86
1555286400,0.3194,0.3333,0.3142,0.3303,66524675.06,21514044.58
1555372800,0.3263,0.3275,0.3167,0.3194,43359299.54,13934467.43
1555459200,0.3368,0.3433,0.3213,0.3263,96725104.34,32120514.32
1555545600,0.3371,0.3489,0.3344,0.3368,61481726.36,20896169.05
1555632000,0.3324,0.3372,0.3283,0.3371,40977734.44,13591729.83
1555718400,0.3287,0.3346,0.3233,0.3324,36392542.08,12016214.17
1555804800,0.3226,0.3304,0.3177,0.3287,43348622.6,13980229.98
1555891200,0.3245,0.3328,0.3198,0.3226,46843917.18,15256387.94
1555977600,0.3207,0.329,0.3205,0.3245,52690505.83,17160407.8
1556064000,0.3017,0.322,0.2913,0.3207,141181322.45,42655519
1556150400,0.2879,0.3076,0.2811,0.3017,100164516.4,29669432.64
1556236800,0.3003,0.3018,0.2847,0.2879,77623628.99,22812424.17
1556323200,0.2952,0.302,0.294,0.3003,32637720.22,9655257.53
1556409600,0.2983,0.3007,0.2939,0.2958,28497956.83,8490921.18
1556496000,0.2956,0.3003,0.2895,0.2983,41408907.58,12215308.91
1556582400,0.2953,0.2984,0.2949,0.2956,3753740.43,1114642.76
